ticker,company,purchase_count,unique_insiders,days_span,first_purchase,last_purchase,total_qty,confidence_score
TPL,Texas Pacific Land Corp,167,2,87,2025-12-22,2026-03-19,1061.0,3360
WRB,Berkley W R Corp,67,1,72,2025-12-23,2026-03-05,36275077.0,1350
MNTR,"Mentor Capital, Inc.",52,1,87,2025-12-22,2026-03-19,129100.0,1050
DLPN,"Dolphin Entertainment, Inc.",46,1,85,2025-12-22,2026-03-17,147008.0,930
ISBA,Isabella Bank Corp,40,5,56,2026-01-22,2026-03-19,9727.0,850
SSP,E.W. Scripps Co,40,3,7,2026-03-06,2026-03-13,2578410.0,830
KFS,Kingsway Financial Services Inc,39,2,85,2025-12-22,2026-03-17,6062.0,800
COSM,Cosmos Health Inc.,37,1,56,2025-12-23,2026-02-17,7865502.0,750
SPG,Simon Property Group Inc.,36,1,3,2026-01-06,2026-01-09,7674.0,730
UUU,"Universal Safety Products, Inc.",35,2,87,2025-12-22,2026-03-19,1375480.0,720
IRIX,Iridex Corp,35,2,58,2025-12-22,2026-02-18,90420.0,720
CABA,"Cabaletta Bio, Inc.",32,6,5,2026-01-22,2026-01-27,528292.0,700
PFBX,Peoples Financial Corp /Ms/,33,2,63,2025-12-22,2026-02-23,66960.0,680
AVO,"Mission Produce, Inc.",33,1,78,2025-12-31,2026-03-19,12706506.0,670
YORW,York Water Co,29,7,85,2025-12-24,2026-03-19,1979.0,650
HYMC,Hycroft Mining Holding Corp,32,1,75,2025-12-22,2026-03-07,7090000.0,650
NYC,American Strategic Investment Co.,32,1,46,2025-12-22,2026-02-06,132216.0,650
LUCY,Innovative Eyewear Inc,29,4,37,2025-12-22,2026-01-28,3601846.0,620
STEX,Streamex Corp.,28,5,24,2026-01-27,2026-02-20,4654044.0,610
CMTV,Community Bancorp /Vt,28,4,73,2026-01-05,2026-03-19,23069.0,600
SLGL,Sol-Gel Technologies Ltd.,29,1,63,2025-12-22,2026-02-23,307643.0,590
TCBI,Texas Capital Bancshares Inc/Tx,28,1,47,2026-01-28,2026-03-16,375100.0,570
LAKE,Lakeland Industries Inc,25,6,30,2025-12-22,2026-01-21,30111.0,560
ONCY,Oncolytics Biotech Inc,24,6,54,2026-01-21,2026-03-16,993514.0,540
AUBN,"Auburn National Bancorporation, Inc",25,2,59,2026-01-16,2026-03-16,2920.0,520
SPRU,Spruce Power Holding Corp,25,1,85,2025-12-22,2026-03-17,454677.0,510
MIGI,Mawson Infrastructure Group Inc.,24,1,23,2026-01-13,2026-02-05,5721588.0,490
SQNS,Sequans Communications,24,1,22,2026-01-12,2026-02-03,892128.0,490
BUKS,Butler National Corp,23,3,26,2025-12-24,2026-01-19,87210.0,490
CBKM,Consumers Bancorp Inc /Oh/,21,3,87,2025-12-22,2026-03-19,4840.0,450
ELUT,Elutia Inc.,20,4,46,2025-12-22,2026-02-06,780500.0,440
IMRX,Immuneering Corp,20,4,12,2026-01-15,2026-01-27,207276.0,440
ANDG,Andersen Group Inc.,20,2,4,2025-12-22,2025-12-26,1593644.0,420
CCFN,Muncy Columbia Financial Corp,19,3,37,2026-01-29,2026-03-07,6205.0,410
GTE,Gran Tierra Energy Inc.,20,1,74,2025-12-22,2026-03-06,3352000.0,410
NFJ,"Virtus Dividend, Interest & Premium Strategy Fund",20,1,25,2026-01-30,2026-02-24,1282195.0,410
ALT,"Altimmune, Inc.",20,1,23,2025-12-23,2026-01-15,124108.0,410
RGCO,Rgc Resources Inc,18,3,57,2026-01-07,2026-03-05,202.0,390
FMBM,F&M Bank Corp,19,1,51,2025-12-22,2026-02-11,3288.0,390
NAVN,"Navan, Inc.",18,3,24,2025-12-22,2026-01-15,11288964.0,390
BLCO,Bausch & Lomb Corp,17,4,16,2026-02-24,2026-03-12,135764.0,380
KKR,Kkr & Co. Inc.,18,2,23,2026-02-12,2026-03-07,1303841.0,380
LEE,"Lee Enterprises, Inc",17,2,32,2026-02-12,2026-03-16,5471663.0,360
AVBC,"Avidia Bancorp, Inc.",15,6,31,2026-02-13,2026-03-16,22869.0,360
NEWT,"Newtekone, Inc.",16,4,3,2026-01-19,2026-01-22,34624.0,360
HYPD,"Hyperion Defi, Inc.",17,2,17,2025-12-22,2026-01-08,668866.0,360
BMNM,"Bimini Capital Management, Inc.",16,4,5,2025-12-24,2025-12-29,2137980.0,360
MPB,Mid Penn Bancorp Inc,17,1,70,2026-01-05,2026-03-16,6810.0,350
CNVS,Cineverse Corp.,15,5,2,2026-02-18,2026-02-20,607500.0,350
JYNT,Joint Corp,17,1,44,2026-01-06,2026-02-19,128626.0,350
AKTS,"Aktis Oncology, Inc.",16,3,7,2026-01-13,2026-01-20,17611476.0,350
SRZN,"Surrozen, Inc./De",16,2,67,2026-01-09,2026-03-17,367965.0,340
VENU,Venu Holding Corp,16,2,75,2025-12-31,2026-03-16,153984.0,340
CR,Crane Co,16,2,3,2026-02-03,2026-02-06,21856.0,340
NWFL,Norwood Financial Corp,16,2,6,2026-01-29,2026-02-04,38800.0,340
GME,Gamestop Corp.,16,2,9,2026-01-21,2026-01-30,4116000.0,340
RNXT,"Renovorx, Inc.",16,2,37,2025-12-22,2026-01-28,100000.0,340
WBI,Waterbridge Infrastructure LLC,16,2,5,2026-01-08,2026-01-13,52572.0,340
WYY,Widepoint Corp,16,2,9,2025-12-31,2026-01-09,18000.0,340
FFIN,First Financial Bankshares Inc,15,3,36,2026-02-09,2026-03-17,48230.0,330
IMNM,Immunome Inc.,15,3,81,2025-12-22,2026-03-13,183050.0,330
COCP,"Cocrystal Pharma, Inc.",16,1,59,2025-12-30,2026-02-27,680000.0,330
TOFB,Tofutti Brands Inc,16,1,42,2025-12-22,2026-02-02,250650.0,330
YYAI,Airwa Inc.,16,1,20,2026-01-08,2026-01-28,22615748.0,330
PRPO,"Precipio, Inc.",16,1,19,2026-01-07,2026-01-26,384.0,330
MAIA,"Maia Biotechnology, Inc.",16,1,23,2025-12-24,2026-01-16,729748.0,330
CHUC,"Charlie'S Holdings, Inc.",14,4,58,2025-12-22,2026-02-18,3050000.0,320
SGP,"Spyglass Pharma, Inc.",15,2,6,2026-02-11,2026-02-17,19900000.0,320
RAL,Ralliant Corp,15,2,7,2026-02-10,2026-02-17,30890.0,320
BOBS,"Bob'S Discount Furniture, Inc.",15,2,2,2026-02-09,2026-02-11,93885.0,320
GABC,"German American Bancorp, Inc.",15,1,59,2026-01-19,2026-03-19,542.0,310
AXR,Amrep Corp.,15,1,21,2026-02-13,2026-03-06,95972.0,310
ZIVO,"Zivo Bioscience, Inc.",14,3,35,2026-01-28,2026-03-04,102745.0,310
MANE,"Veradermics, Inc",14,3,25,2026-02-06,2026-03-03,5896545.0,310
PW,Power Reit,15,1,25,2026-01-19,2026-02-13,119692.0,310
UA,"Under Armour, Inc.",15,1,36,2025-12-30,2026-02-04,147268751.0,310
GLSI,"Greenwich Lifesciences, Inc.",15,1,30,2025-12-22,2026-01-21,45700.0,310
VANI,"Vivani Medical, Inc.",14,2,75,2026-01-01,2026-03-17,16393328.0,300
ENTX,Entera Bio Ltd.,14,2,71,2025-12-31,2026-03-12,180000.0,300
CWBC,Community West Bancshares,13,4,32,2026-02-02,2026-03-06,5604.0,300
DLHC,Dlh Holdings Corp.,14,1,64,2025-12-22,2026-02-24,240561.0,290
EIKN,"Eikon Therapeutics, Inc.",13,3,4,2026-02-09,2026-02-13,9804366.0,290
IVFH,Innovative Food Holdings Inc,13,3,11,2026-01-09,2026-01-20,4349999.0,290
MRUS,Merus N.V.,14,1,14,2025-12-22,2026-01-05,312610566.0,290
CHRW,"C. H. Robinson Worldwide, Inc.",12,4,2,2026-02-16,2026-02-18,9126.0,280
CING,Cingulate Inc.,12,4,2,2026-02-11,2026-02-13,99222.0,280
VRNS,Varonis Systems Inc,12,3,2,2026-02-11,2026-02-13,157515.0,270
AIRJ,Airjoule Technologies Corp.,12,3,5,2026-01-21,2026-01-26,953844.0,270
ACRV,"Acrivon Therapeutics, Inc.",12,3,6,2026-01-16,2026-01-22,271328.0,270
ADC,Agree Realty Corp,12,3,20,2025-12-30,2026-01-19,158000.0,270
EML,Eastern Co,12,2,87,2025-12-22,2026-03-19,18098.0,260
EDSA,"Edesa Biotech, Inc.",12,2,10,2026-03-03,2026-03-13,162142.0,260
APCX,Apptech Payments Corp.,12,2,17,2026-02-18,2026-03-07,627612.0,260
LAW,"Cs Disco, Inc.",12,2,22,2026-02-12,2026-03-06,2286400.0,260
CNDT,Conduent Inc,12,2,6,2026-02-20,2026-02-26,1341297.0,260
COCH,"Envoy Medical, Inc.",11,4,1,2026-02-18,2026-02-19,22117300.0,260
MSTR,Strategy Inc,12,2,15,2026-01-12,2026-01-27,24048.0,260
NKE,"Nike, Inc.",12,2,12,2025-12-24,2026-01-05,300316.0,260
AGIG,"Abundia Global Impact Group, Inc.",12,2,9,2025-12-24,2026-01-02,241844.0,260
MDLN,Medline Inc.,12,2,3,2025-12-23,2025-12-26,71006888.0,260
SONO,Sonos Inc,12,1,38,2026-02-09,2026-03-19,8043606.0,250
GAIA,"Gaia, Inc",11,3,87,2025-12-22,2026-03-19,31802.0,250
KELYA,Kelly Services Inc,12,1,25,2026-02-20,2026-03-17,61200.0,250
AMH,American Homes 4 Rent,12,1,13,2026-02-26,2026-03-11,30542.0,250
FNRN,First Northern Community Bancorp,12,1,11,2026-02-13,2026-02-24,13581.0,250
CZNC,Citizens & Northern Corp,12,1,31,2026-01-13,2026-02-13,1258.0,250
THM,International Tower Hill Mines Ltd,12,1,8,2026-01-28,2026-02-05,129947212.0,250
PETV,"Petvivo Holdings, Inc.",12,1,3,2026-01-19,2026-01-22,3937240.0,250
LB,Landbridge Co LLC,12,1,5,2026-01-08,2026-01-13,14168.0,250
BOC,Boston Omaha Corp,12,1,5,2025-12-31,2026-01-05,418500.0,250
PPTIN,"Presidio Property Trust, Inc.",12,1,5,2025-12-31,2026-01-05,84000.0,250
XZO,"Exzeo Group, Inc.",10,4,86,2025-12-23,2026-03-19,96620.0,240
BLIN,"Bridgeline Digital, Inc.",11,2,21,2026-02-20,2026-03-13,220003.0,240
VERX,"Vertex, Inc.",10,4,20,2026-02-19,2026-03-11,1503220.0,240
HLNE,Hamilton Lane Inc,10,4,2,2026-02-25,2026-02-27,80000.0,240
GEF,"Greif, Inc",11,2,8,2026-02-09,2026-02-17,49953.0,240
ACOG,Alpha Cognition Inc.,11,1,20,2026-02-25,2026-03-17,762388.0,230
INDV,Indivior Plc,11,1,67,2026-01-08,2026-03-16,11163.0,230
GENB,"Generate Biomedicines, Inc.",9,5,4,2026-03-03,2026-03-07,9402600.0,230
NAII,Natural Alternatives International Inc,11,1,12,2026-02-23,2026-03-07,25250.0,230
QDEL,Quidelortho Corp,10,3,8,2026-02-16,2026-02-24,67930.0,230
RMBI,"Richmond Mutual Bancorporation, Inc.",11,1,22,2026-02-02,2026-02-24,3167.0,230
GALT,Galectin Therapeutics Inc,11,1,50,2025-12-24,2026-02-12,25700.0,230
GPUS,"Hyperscale Data, Inc.",11,1,15,2025-12-22,2026-01-06,5225598.0,230
STAA,Staar Surgical Co,10,2,67,2026-01-09,2026-03-17,3076978.0,220
AMRZ,Amrize Ltd,9,4,21,2026-02-24,2026-03-17,20034.0,220
PATK,Patrick Industries Inc,10,2,34,2026-02-10,2026-03-16,24220.0,220
IP,International Paper Co /New/,10,2,42,2026-02-02,2026-03-16,352184.0,220
ACVA,Acv Auctions Inc.,10,2,80,2025-12-22,2026-03-12,377864.0,220
TBBK,"Bancorp, Inc.",10,2,25,2026-02-06,2026-03-03,29240.0,220
ZBIO,"Zenas Biopharma, Inc.",10,2,37,2026-01-12,2026-02-18,537535.0,220
GO,Grocery Outlet Holding Corp.,10,1,8,2026-03-11,2026-03-19,1252003.0,210
SNES,"Senestech, Inc.",10,1,38,2026-02-09,2026-03-19,548482.0,210
AAT,"American Assets Trust, Inc.",10,1,10,2026-02-20,2026-03-02,907024.0,210
IBM,International Business Machines Corp,10,1,28,2026-02-02,2026-03-02,5452.0,210
EMPD,Empery Digital Inc.,10,1,23,2026-02-02,2026-02-25,5336336.0,210
TLPH,"Talphera, Inc.",9,3,2,2026-02-23,2026-02-25,556092.0,210
BRR,"Procap Financial, Inc.",9,3,4,2025-12-22,2025-12-26,451000.0,210
HBAN,Huntington Bancshares Inc /Md/,9,2,21,2026-02-24,2026-03-17,100665.0,200
CTEV,Claritev Corp,8,4,14,2026-03-03,2026-03-17,108560.0,200
CCNE,Cnb Financial Corp/Pa,9,2,42,2026-02-03,2026-03-17,7875.0,200
FRST,Primis Financial Corp.,9,2,35,2026-02-09,2026-03-16,14795.0,200
FRD,Friedman Industries Inc,9,2,17,2026-02-23,2026-03-12,4700.0,200
TECX,"Tectonic Therapeutic, Inc.",9,2,23,2026-02-12,2026-03-07,36500.0,200
LXRX,"Lexicon Pharmaceuticals, Inc.",9,2,21,2026-02-09,2026-03-02,2845953.0,200
PRU,Prudential Financial Inc,9,2,10,2026-02-10,2026-02-20,4950.0,200
LIFE,Ethos Technologies Inc.,9,2,4,2026-02-02,2026-02-06,1323677.0,200
SOFI,"Sofi Technologies, Inc.",8,3,41,2026-02-06,2026-03-19,114900.0,190
GRNT,"Granite Ridge Resources, Inc.",8,3,7,2026-03-12,2026-03-19,43158.0,190
BWFG,"Bankwell Financial Group, Inc.",9,1,29,2026-02-16,2026-03-17,65756.0,190
ENOV,Enovis Corp,9,1,13,2026-03-04,2026-03-17,11000.0,190
KOS,Kosmos Energy Ltd.,8,3,3,2026-03-13,2026-03-16,7368420.0,190
CJMB,Callan Jmb Inc.,8,3,80,2025-12-22,2026-03-12,47610.0,190
ABTC,American Bitcoin Corp.,9,1,75,2025-12-22,2026-03-07,4839000.0,190
PMN,Promis Neurosciences Inc.,8,3,29,2026-02-06,2026-03-07,2115481.0,190
VRSK,"Verisk Analytics, Inc.",9,1,2,2026-02-25,2026-02-27,7500.0,190
SSTI,"Soundthinking, Inc.",9,1,8,2026-02-19,2026-02-27,2147706.0,190
ASST,"Strive, Inc.",8,3,39,2026-01-15,2026-02-23,2053842.0,190
DMLP,"Dorchester Minerals, L.P.",9,1,58,2025-12-22,2026-02-18,160000.0,190
NEOG,Neogen Corp,9,1,30,2026-01-19,2026-02-18,767.0,190
BMI,Badger Meter Inc,8,3,3,2026-02-10,2026-02-13,21660.0,190
FGBI,"First Guaranty Bancshares, Inc.",9,1,2,2026-01-05,2026-01-07,1043679.0,190
POOL,Pool Corp,8,2,21,2026-02-26,2026-03-19,34490.0,180
VEEE,"Twin Vee Powercats, Co.",8,2,21,2026-02-26,2026-03-19,510000.0,180
BETR,Better Home & Finance Holding Co,8,2,71,2026-01-05,2026-03-17,151684.0,180
TLSI,"Trisalus Life Sciences, Inc.",8,2,1,2026-02-24,2026-02-25,809996.0,180
BOTJ,Bank of the James Financial Group Inc,8,2,12,2026-02-12,2026-02-24,4764.0,180
APRE,"Aprea Therapeutics, Inc.",8,2,3,2026-02-03,2026-02-06,135200.0,180
CBK,"Commercial Bancgroup, Inc.",8,2,4,2026-02-02,2026-02-06,2864.0,180
AIG,"American International Group, Inc.",8,2,36,2026-01-01,2026-02-06,164.0,180
NRIM,Northrim Bancorp Inc,8,2,6,2026-01-30,2026-02-05,11160.0,180
AMTB,Amerant Bancorp Inc.,8,2,7,2026-01-29,2026-02-05,23264.0,180
ALLY,Ally Financial Inc.,8,2,8,2026-01-26,2026-02-03,141464.0,180
RLI,Rli Corp,8,2,3,2026-01-26,2026-01-29,28000.0,180
ALMS,Alumis Inc.,8,2,6,2026-01-13,2026-01-19,3999996.0,180
VIRC,Virco Mfg Corporation,8,2,11,2026-01-08,2026-01-19,18000.0,180
INTZ,Intrusion Inc,8,2,3,2026-01-13,2026-01-16,18700.0,180
PMCB,"Pharmacyte Biotech, Inc.",8,2,5,2026-01-08,2026-01-13,640000.0,180
UTZ,"Utz Brands, Inc.",8,2,5,2026-01-07,2026-01-12,5524.0,180
AVTR,"Avantor, Inc.",8,1,28,2026-02-13,2026-03-13,700000.0,170
KDOZF,Kidoz Inc.,8,1,9,2026-03-04,2026-03-13,28000.0,170
LSAK,Lesaka Technologies Inc,8,1,61,2026-01-05,2026-03-07,5738269.0,170
MHH,"Mastech Digital, Inc.",8,1,30,2026-02-03,2026-03-05,39364.0,170
NZF,Nuveen Municipal Credit Income Fund,8,1,56,2026-01-06,2026-03-03,19270.0,170
TBI,"Trueblue, Inc.",7,3,5,2026-02-25,2026-03-02,92300.0,170
AASP,Agassi Sports Entertainment Corp.,7,3,29,2026-01-29,2026-02-27,7000.0,170
CEVA,Ceva Inc,7,3,2,2026-02-24,2026-02-26,19130.0,170
WY,Weyerhaeuser Co,8,1,65,2025-12-22,2026-02-25,81000.0,170
EKSO,"Ekso Bionics Holdings, Inc.",8,1,7,2026-02-18,2026-02-25,153449.0,170
USAR,"USA Rare Earth, Inc.",8,1,5,2026-01-30,2026-02-04,405200.0,170
BDSX,Biodesix Inc,8,1,6,2026-01-27,2026-02-02,729860.0,170
PEBO,Peoples Bancorp Inc,8,1,3,2026-01-26,2026-01-29,2628.0,170
TCI,Transcontinental Realty Investors Inc,8,1,12,2026-01-15,2026-01-27,560184.0,170
PALI,"Palisade Bio, Inc.",8,1,13,2026-01-14,2026-01-27,40000.0,170
MYNZ,Mainz Biomed N.V.,8,1,7,2026-01-19,2026-01-26,5315400.0,170
LMNR,Limoneira Co,8,1,8,2026-01-07,2026-01-15,100000.0,170
LFT,"Lument Finance Trust, Inc.",8,1,22,2025-12-23,2026-01-14,140000.0,170
QNBC,Qnb Corp.,8,1,12,2025-12-31,2026-01-12,2240.0,170
FKYS,First Keystone Corp,8,1,9,2025-12-31,2026-01-09,11200.0,170
EP,Empire Petroleum Corp,8,1,8,2026-01-01,2026-01-09,49004.0,170
MDBH,"Mdb Capital Holdings, LLC",8,1,8,2026-01-01,2026-01-09,40000.0,170
PROP,Prairie Operating Co.,8,1,15,2025-12-22,2026-01-06,1144298.0,170
STRR,"Star Equity Holdings, Inc.",8,1,7,2025-12-30,2026-01-06,67908.0,170
BNTC,Benitec Biopharma Inc.,8,1,10,2025-12-23,2026-01-02,761456.0,170
AZO,Autozone Inc,8,1,4,2025-12-22,2025-12-26,1168.0,170
THRY,"Thryv Holdings, Inc.",6,4,12,2026-03-04,2026-03-16,4933530.0,160
FBLG,"Fibrobiologics, Inc.",6,4,4,2026-03-03,2026-03-07,273000.0,160
NDAQ,"Nasdaq, Inc.",7,2,8,2026-02-16,2026-02-24,648000.0,160
SPGI,S&P Global Inc.,7,2,32,2026-01-16,2026-02-17,7592.0,160
MMS,"Maximus, Inc.",7,2,7,2026-02-10,2026-02-17,15700.0,160
SAIC,Science Applications International Corp,7,2,7,2026-01-05,2026-01-12,900.0,160
LOAR,Loar Holdings Inc.,6,3,6,2026-03-13,2026-03-19,222600.0,150
LFVN,Lifevantage Corp,7,1,35,2026-02-12,2026-03-19,83269.0,150
AMR,"Alpha Metallurgical Resources, Inc.",7,1,85,2025-12-22,2026-03-17,109000.0,150
BH,Biglari Holdings Inc.,7,1,85,2025-12-22,2026-03-17,17125.0,150
DIN,"Dine Brands Global, Inc.",7,1,12,2026-03-05,2026-03-17,16500.0,150
AHCO,Adapthealth Corp.,6,3,14,2026-03-02,2026-03-16,4119382.0,150
CSPI,Csp Inc /Ma/,7,1,25,2026-02-19,2026-03-16,52255.0,150
NSP,"Insperity, Inc.",6,3,1,2026-03-12,2026-03-13,24900.0,150
SSII,"Ss Innovations International, Inc.",6,3,1,2026-03-11,2026-03-12,2600012.0,150
TAP,Molson Coors Beverage Co,7,1,31,2026-02-09,2026-03-12,4335.0,150
PCB,Pcb Bancorp,7,1,10,2026-02-25,2026-03-07,28828.0,150
NRGV,"Energy Vault Holdings, Inc.",6,3,8,2026-02-27,2026-03-07,34900.0,150
CMTG,"Claros Mortgage Trust, Inc.",6,3,6,2026-02-27,2026-03-05,190000.0,150
REXR,"Rexford Industrial Realty, Inc.",6,3,1,2026-03-02,2026-03-03,25920.0,150
FLYW,Flywire Corp,7,1,46,2026-01-08,2026-02-23,979448.0,150
NMCO,Nuveen Municipal Credit Opportunities Fund,7,1,54,2025-12-31,2026-02-23,10200.0,150
BFST,"Business First Bancshares, Inc.",7,1,20,2026-01-28,2026-02-17,6360.0,150
FAST,Fastenal Co,7,1,16,2026-01-28,2026-02-13,280.0,150
HQI,"Hirequest, Inc.",7,1,8,2025-12-30,2026-01-07,106216.0,150
PHIO,Phio Pharmaceuticals Corp.,7,1,8,2025-12-30,2026-01-07,35000.0,150
COO,"Cooper Companies, Inc.",7,1,7,2025-12-22,2025-12-29,11136.0,150
ALIT,"Alight, Inc. / Delaware",6,2,21,2026-02-26,2026-03-19,554000.0,140
RPC,"Ridgepost Capital, Inc.",6,2,21,2026-02-24,2026-03-17,72500.0,140
FG,"F&G Annuities & Life, Inc.",6,2,71,2026-01-05,2026-03-17,34520.0,140
BY,"Byline Bancorp, Inc.",6,2,46,2026-01-30,2026-03-17,1726.0,140
FRAF,Franklin Financial Services Corp /Pa/,6,2,30,2026-02-10,2026-03-12,3378.0,140
LUCK,Lucky Strike Entertainment Corp,6,2,28,2026-02-11,2026-03-11,44246.0,140
RPLRT,Rithm Perpetual Life Residential Trust,6,2,57,2026-01-08,2026-03-06,89702.0,140
AGL,"Agilon Health, Inc.",6,2,31,2026-02-02,2026-03-05,1324000.0,140
LRMR,"Larimar Therapeutics, Inc.",6,2,1,2026-03-03,2026-03-04,10210000.0,140
TNC,Tennant Co,6,2,1,2026-03-03,2026-03-04,40326.0,140
FNWD,Finward Bancorp,6,2,1,2026-03-02,2026-03-03,192.0,140
TYL,Tyler Technologies Inc,6,2,5,2026-02-25,2026-03-02,6630.0,140
SMBK,Smartfinancial Inc.,6,2,15,2026-01-29,2026-02-13,3270.0,140
ABT,Abbott Laboratories,6,2,14,2026-01-27,2026-02-10,95200.0,140
NBBK,"Nb Bancorp, Inc.",6,2,45,2025-12-22,2026-02-05,49736.0,140
SPT,"Sprout Social, Inc.",6,2,28,2025-12-22,2026-01-19,557258.0,140
VSNT,"Versant Media Group, Inc.",6,1,6,2026-03-11,2026-03-17,179200.0,130
SRE,Sempra,6,1,5,2026-03-12,2026-03-17,12384.0,130
COFS,Choiceone Financial Services Inc,5,3,27,2026-02-18,2026-03-17,8300.0,130
PKBK,"Parke Bancorp, Inc.",6,1,38,2026-02-02,2026-03-12,4700.0,130
SINT,"Sintx Technologies, Inc.",6,1,20,2026-02-19,2026-03-11,19292.0,130
PAR,Par Technology Corp,6,1,58,2026-01-08,2026-03-07,1836544.0,130
SKWD,"Skyward Specialty Insurance Group, Inc.",5,3,3,2026-03-02,2026-03-05,52600.0,130
SXC,"Suncoke Energy, Inc.",5,3,4,2026-02-27,2026-03-03,50000.0,130
ATLO,Ames National Corp,6,1,28,2026-02-03,2026-03-03,1530.0,130
MWA,"Mueller Water Products, Inc.",6,1,52,2026-01-09,2026-03-02,54500.0,130
ARES,Ares Management Corp,6,1,16,2026-02-11,2026-02-27,31440.0,130
MPLT,"Maplight Therapeutics, Inc.",6,1,12,2026-02-13,2026-02-25,117372.0,130
CSBB,"Csb Bancorp, Inc.",6,1,14,2026-02-10,2026-02-24,5310.0,130
TENB,"Tenable Holdings, Inc.",6,1,8,2026-02-10,2026-02-18,49500.0,130
PBHC,"Pathfinder Bancorp, Inc.",6,1,9,2026-02-09,2026-02-18,7143.0,130
OVBC,Ohio Valley Banc Corp,6,1,2,2026-02-16,2026-02-18,312.0,130
NG,Novagold Resources Inc,6,1,4,2026-02-09,2026-02-13,79410.0,130
KMB,Kimberly Clark Corp,6,1,3,2026-02-09,2026-02-12,30798.0,130
BCDA,"Biocardia, Inc.",6,1,49,2025-12-22,2026-02-09,9700.0,130
ADMQ,"Adm Endeavors, Inc.",6,1,14,2025-12-23,2026-01-06,1259000.0,130
GLP,Global Partners LP,6,1,7,2025-12-22,2025-12-29,30304.0,130
ROLR,"High Roller Technologies, Inc.",5,2,86,2025-12-23,2026-03-19,40277.0,120
ALKT,"Alkami Technology, Inc.",5,2,5,2026-03-12,2026-03-17,6203030.0,120
KGS,"Kodiak Gas Services, Inc.",5,2,20,2026-02-25,2026-03-17,12299.0,120
HHH,Howard Hughes Holdings Inc.,5,2,77,2025-12-30,2026-03-17,21260.0,120
EFSI,Eagle Financial Services Inc,5,2,12,2026-03-04,2026-03-16,4052.0,120
CBAN,Colony Bankcorp Inc,5,2,7,2026-03-05,2026-03-12,3000.0,120
FIS,"Fidelity National Information Services, Inc.",5,2,49,2026-01-21,2026-03-11,23610.0,120
EOSE,"Eos Energy Enterprises, Inc.",5,2,7,2026-03-04,2026-03-11,139050.0,120
LTC,Ltc Properties Inc,5,2,61,2026-01-05,2026-03-07,47000.0,120
FMNB,Farmers National Banc Corp /Oh/,5,2,10,2026-02-25,2026-03-07,42520.0,120
FBRT,"Franklin Bsp Realty Trust, Inc.",5,2,14,2026-02-20,2026-03-06,66000.0,120
NPB,Northpointe Bancshares Inc,5,2,18,2026-02-16,2026-03-06,113965.0,120
ABCL,Abcellera Biologics Inc.,5,2,1,2026-03-02,2026-03-03,478114.0,120
TDG,Transdigm Group Inc,5,2,21,2026-02-10,2026-03-03,2852.0,120
AVX,Avax One Technology Ltd.,5,2,9,2026-02-18,2026-02-27,17000.0,120
WTW,Willis Towers Watson Plc,5,2,3,2026-02-16,2026-02-19,7723.0,120
VSTS,Vestis Corp,5,2,4,2025-12-22,2025-12-26,1110064.0,120
SDHC,Smith Douglas Homes Corp.,4,3,0,2026-03-19,2026-03-19,44618.0,110
AIRS,"Airsculpt Technologies, Inc.",5,1,14,2026-03-05,2026-03-19,518848.0,110
QRHC,Quest Resource Holding Corp,5,1,79,2025-12-30,2026-03-19,25000.0,110
LOGC,Contextlogic Holdings Inc.,5,1,18,2026-02-27,2026-03-17,4088588.0,110
CASY,Caseys General Stores Inc,5,1,69,2026-01-07,2026-03-17,1500.0,110
WULF,Terawulf Inc.,5,1,12,2026-03-05,2026-03-17,11103.0,110
NBTB,Nbt Bancorp Inc,5,1,45,2026-01-30,2026-03-16,113650.0,110
ANNX,"Annexon, Inc.",5,1,70,2026-01-05,2026-03-16,28345.0,110
BJRI,Bjs Restaurants Inc,5,1,10,2026-03-06,2026-03-16,5400.0,110
VAC,Marriott Vacations Worldwide Corp,5,1,61,2026-01-09,2026-03-11,15298.0,110
CAQ,Cambridge Acquisition Corp.,5,1,24,2026-02-11,2026-03-07,2477500.0,110
ACAAU,Averin Capital Acquisition Corp.,5,1,10,2026-02-23,2026-03-05,1000000.0,110
NOMA,Nomadar Corp.,5,1,30,2026-02-02,2026-03-04,1457667.0,110
JAGU,Jaguar Uranium Corp.,5,1,5,2026-02-26,2026-03-03,1256300.0,110
OVLY,Oak Valley Bancorp,5,1,13,2026-02-18,2026-03-03,1856.0,110
CVRX,"Cvrx, Inc.",5,1,6,2026-02-19,2026-02-25,95400.0,110
MNRO,"Monro, Inc.",5,1,3,2026-02-09,2026-02-12,64950.0,110
FUNC,First United Corp/Md/,4,3,0,2026-02-09,2026-02-09,310.0,110
ASTS,"Ast Spacemobile, Inc.",5,1,11,2025-12-22,2026-01-02,3215.0,110
UPXI,"Upexi, Inc.",5,1,7,2025-12-22,2025-12-29,350000.0,110
FLNT,"Fluent, Inc.",4,2,2,2026-03-17,2026-03-19,329670.0,100
GCBC,Greene County Bancorp Inc,4,2,15,2026-03-04,2026-03-19,9860.0,100
NP,Neptune Insurance Holdings Inc.,4,2,19,2026-02-25,2026-03-16,119000.0,100
HOG,"Harley-Davidson, Inc.",4,2,8,2026-03-03,2026-03-11,24550.0,100
COTY,Coty Inc.,4,2,20,2026-02-19,2026-03-11,98000.0,100
COSO,"Coastalsouth Bancshares, Inc.",4,2,26,2026-02-13,2026-03-11,4700.0,100
WD,"Walker & Dunlop, Inc.",4,2,3,2026-03-04,2026-03-07,16000.0,100
GPK,Graphic Packaging Holding Co,4,2,2,2026-03-05,2026-03-07,123618.0,100
SRBK,"Sr Bancorp, Inc.",4,2,10,2026-02-25,2026-03-07,3320.0,100
PODD,Insulet Corp,4,2,6,2026-02-24,2026-03-02,12660.0,100
MSCI,Msci Inc.,4,2,6,2026-02-18,2026-02-24,20962.0,100
CVCO,"Cavco Industries, Inc.",4,2,1,2026-02-09,2026-02-10,2300.0,100
RDDT,"Reddit, Inc.",4,1,34,2026-02-13,2026-03-19,162000.0,90
GPGI,"Gpgi, Inc.",3,3,0,2026-03-19,2026-03-19,52800.0,90
SI,"Shoulder Innovations, Inc.",3,3,0,2026-03-19,2026-03-19,5200.0,90
HFFG,Hf Foods Group Inc.,3,3,0,2026-03-19,2026-03-19,14867.0,90
MYO,"Myomo, Inc.",4,1,6,2026-03-13,2026-03-19,232000.0,90
VNO,Vornado Realty Trust,4,1,18,2026-02-27,2026-03-17,235000.0,90
HGTY,"Hagerty, Inc.",4,1,12,2026-03-05,2026-03-17,38000.0,90
NXRT,"Nexpoint Residential Trust, Inc.",4,1,5,2026-03-12,2026-03-17,5000.0,90
LKFN,Lakeland Financial Corp,4,1,11,2026-03-02,2026-03-13,35000.0,90
VITL,"Vital Farms, Inc.",4,1,8,2026-03-05,2026-03-13,19500.0,90
ORGO,Organogenesis Holdings Inc.,4,1,1,2026-03-12,2026-03-13,30000.0,90
MLAB,Mesa Laboratories Inc /Co/,4,1,1,2026-03-11,2026-03-12,9616.0,90
SRCE,1St Source Corp,4,1,1,2026-03-11,2026-03-12,1932.0,90
FCPT,"Four Corners Property Trust, Inc.",4,1,16,2026-02-19,2026-03-07,38105.0,90
NWWP,New Peoples Bankshares Inc,4,1,17,2026-02-18,2026-03-07,31916.0,90
NWPP,New Peoples Bankshares Inc,4,1,17,2026-02-18,2026-03-07,31916.0,90
XRAY,Dentsply Sirona Inc.,4,1,1,2026-03-04,2026-03-05,110000.0,90
ISPR,Ispire Technology Inc.,4,1,5,2026-02-27,2026-03-04,26000.0,90
BCBP,Bcb Bancorp Inc,4,1,18,2026-02-13,2026-03-03,11000.0,90
SBCF,Seacoast Banking Corp of Florida,4,1,8,2026-02-18,2026-02-26,9400.0,90
ARAY,Accuray Inc,4,1,2,2026-02-23,2026-02-25,500000.0,90
FRPH,"Frp Holdings, Inc.",4,1,5,2026-02-19,2026-02-24,26432.0,90
SLQT,"Selectquote, Inc.",4,1,5,2026-02-19,2026-02-24,475604.0,90
EXE,Expand Energy Corp,4,1,5,2026-02-19,2026-02-24,4000.0,90
NRDE,Nu Ride Inc.,4,1,63,2025-12-22,2026-02-23,59644.0,90
FEED,"Envue Medical, Inc.",4,1,5,2026-02-12,2026-02-17,960000.0,90
AVR,Anteris Technologies Global Corp.,4,1,3,2026-02-10,2026-02-13,20000000.0,90
CEPS,"Cantor Equity Partners Vi, Inc.",4,1,3,2026-02-10,2026-02-13,1200000.0,90
OFRM,"Once Upon A Farm, Pbc",4,1,3,2026-02-10,2026-02-13,22220.0,90
PAYX,Paychex Inc,4,1,1,2026-02-09,2026-02-10,4000.0,90
SHCO,Soho House & Co Inc.,4,1,3,2026-02-03,2026-02-06,44444444.0,90
CNXC,Concentrix Corp,4,1,3,2026-02-03,2026-02-06,4000.0,90
FCBC,First Community Bankshares Inc /Va/,4,1,3,2026-02-03,2026-02-06,2004.0,90
FCCO,First Community Corp /Sc/,4,1,3,2026-02-03,2026-02-06,2000.0,90
SGU,"Star Group, L.P.",4,1,3,2026-02-03,2026-02-06,420.0,90
MLAA,Mountain Lake Acquisition Corp. II,4,1,3,2026-02-02,2026-02-05,2040000.0,90
BFC,Bank First Corp,4,1,3,2026-02-02,2026-02-05,600.0,90
WS,"Worthington Steel, Inc.",4,1,5,2026-01-30,2026-02-04,28000.0,90
ANIX,Anixa Biosciences Inc,4,1,5,2026-01-30,2026-02-04,40000.0,90
NWBI,"Northwest Bancshares, Inc.",4,1,5,2026-01-30,2026-02-04,8000.0,90
STRW,"Strawberry Fields Reit, Inc.",4,1,5,2026-01-30,2026-02-04,5724.0,90
EMAT,Evolution Metals & Technologies Corp.,4,1,5,2026-01-30,2026-02-04,4000.0,90
HLXC,Helix Acquisition Corp. III,4,1,5,2026-01-29,2026-02-03,3200000.0,90
LOB,"Live Oak Bancshares, Inc.",4,1,5,2026-01-29,2026-02-03,10380.0,90
Q,"Qnity Electronics, Inc.",4,1,5,2026-01-29,2026-02-03,4000.0,90
FATN,Fatpipe Inc/Ut,4,1,5,2026-01-29,2026-02-03,18000.0,90
UBSI,United Bankshares Inc/Wv,4,1,5,2026-01-29,2026-02-03,404.0,90
MIRM,"Mirum Pharmaceuticals, Inc.",4,1,5,2026-01-28,2026-02-02,525700.0,90
INTC,Intel Corp,4,1,5,2026-01-28,2026-02-02,23528.0,90
EQPT,Equipmentshare.Com Inc,4,1,5,2026-01-28,2026-02-02,17140.0,90
CRSP,Crispr Therapeutics AG,4,1,5,2026-01-28,2026-02-02,6032.0,90
PMT,Pennymac Mortgage Investment Trust,4,1,5,2026-01-28,2026-02-02,5804.0,90
CVS,Cvs Health Corp,4,1,5,2026-01-28,2026-02-02,96.0,90
UAA,"Under Armour, Inc.",4,1,3,2026-01-27,2026-01-30,9341400.0,90
CVM,Cel Sci Corp,4,1,3,2026-01-27,2026-01-30,152092.0,90
QTIH,"Qt Imaging Holdings, Inc.",4,1,3,2026-01-26,2026-01-29,96428.0,90
CMC,Commercial Metals Co,4,1,5,2026-01-23,2026-01-28,8000.0,90
RMCF,"Rocky Mountain Chocolate Factory, Inc.",4,1,5,2026-01-23,2026-01-28,45200.0,90
OTH,Off the Hook Ys Inc.,4,1,5,2026-01-22,2026-01-27,20000.0,90
AKAN,Akanda Corp.,4,1,5,2026-01-21,2026-01-26,116144.0,90
PLAY,"Dave & Buster'S Entertainment, Inc.",4,1,5,2026-01-21,2026-01-26,2920.0,90
SRCO,"Sparta Commercial Services, Inc.",4,1,5,2026-01-21,2026-01-26,292000.0,90
AHH,"Armada Hoffler Properties, Inc.",4,1,5,2026-01-21,2026-01-26,1312.0,90
NVT,Nvent Electric Plc,4,1,3,2026-01-19,2026-01-22,8000.0,90
PK,Park Hotels & Resorts Inc.,4,1,3,2026-01-19,2026-01-22,11796.0,90
PRIM,Primoris Services Corp,4,1,3,2026-01-19,2026-01-22,48.0,90
MU,Micron Technology Inc,4,1,5,2026-01-16,2026-01-21,92800.0,90
GBCS,"Selectis Health, Inc.",4,1,5,2026-01-15,2026-01-20,24768.0,90
CLNN,Clene Inc.,4,1,5,2026-01-14,2026-01-19,133332.0,90
AMPG,"Amplitech Group, Inc.",4,1,5,2026-01-14,2026-01-19,8000.0,90
LPG,Dorian Lpg Ltd.,4,1,3,2026-01-12,2026-01-15,60000.0,90
APG,Api Group Corp,4,1,3,2026-01-12,2026-01-15,28000.0,90
ZNTL,"Zentalis Pharmaceuticals, Inc.",4,1,5,2026-01-09,2026-01-14,25839892.0,90
UPBD,"Upbound Group, Inc.",4,1,5,2026-01-09,2026-01-14,10008.0,90
EHSI,Elite Health Systems Inc.,4,1,5,2026-01-09,2026-01-14,14408.0,90
NTLA,"Intellia Therapeutics, Inc.",4,1,5,2026-01-08,2026-01-13,600000.0,90
CDTX,"Cidara Therapeutics, Inc.",4,1,5,2026-01-08,2026-01-13,17048.0,90
CLYM,"Climb Bio, Inc.",4,1,5,2026-01-08,2026-01-13,28444.0,90
UNFI,United Natural Foods Inc,4,1,5,2026-01-07,2026-01-12,68000.0,90
RCKT,"Rocket Pharmaceuticals, Inc.",4,1,5,2026-01-07,2026-01-12,40000.0,90
IOR,Income Opportunity Realty Investors Inc /Tx/,4,1,5,2026-01-07,2026-01-12,2712.0,90
CPAY,"Corpay, Inc.",4,1,3,2026-01-06,2026-01-09,32000.0,90
GTLB,Gitlab Inc.,4,1,3,2026-01-06,2026-01-09,13104.0,90
OSG,Octave Specialty Group Inc,4,1,3,2026-01-06,2026-01-09,48000.0,90
NNUP,Nocopi Technologies Inc/Md/,4,1,3,2026-01-06,2026-01-09,133332.0,90
EFOI,"Energy Focus, Inc/De",4,1,5,2026-01-01,2026-01-06,1048036.0,90
LGL,Lgl Group Inc,4,1,5,2026-01-01,2026-01-06,381548.0,90
IRD,"Opus Genetics, Inc.",4,1,5,2026-01-01,2026-01-06,656000.0,90
CLPR,Clipper Realty Inc.,4,1,5,2026-01-01,2026-01-06,233052.0,90
AISP,"Airship Ai Holdings, Inc.",4,1,5,2025-12-31,2026-01-05,400000.0,90
AROW,Arrow Financial Corp,4,1,5,2025-12-31,2026-01-05,12140.0,90
SGRP,"Spar Group, Inc.",4,1,5,2025-12-31,2026-01-05,220000.0,90
SLSN,"Solesence, Inc.",4,1,5,2025-12-31,2026-01-05,10000.0,90
MYSZ,"My Size, Inc.",4,1,5,2025-12-31,2026-01-05,15000.0,90
MBIO,"Mustang Bio, Inc.",4,1,5,2025-12-31,2026-01-05,988.0,90
NRXS,"Neuraxis, Inc",4,1,3,2025-12-30,2026-01-02,1144552.0,90
EPD,Enterprise Products Partners L.P.,4,1,3,2025-12-30,2026-01-02,60000.0,90
USIO,"Usio, Inc.",4,1,3,2025-12-30,2026-01-02,792928.0,90
MNPR,Monopar Therapeutics,4,1,3,2025-12-30,2026-01-02,6000.0,90
IMA,"Imagenebio, Inc.",4,1,3,2025-12-30,2026-01-02,64000.0,90
DLTH,Duluth Holdings Inc.,4,1,3,2025-12-30,2026-01-02,114216.0,90
IPSC,"Century Therapeutics, Inc.",4,1,3,2025-12-30,2026-01-02,232240.0,90
NWTG,"Newton Golf Company, Inc.",4,1,3,2025-12-30,2026-01-02,40000.0,90
FNGR,"Fingermotion, Inc.",4,1,3,2025-12-30,2026-01-02,40000.0,90
TXMD,"Therapeuticsmd, Inc.",4,1,3,2025-12-30,2026-01-02,33600.0,90
FFAI,Faraday Future Intelligent Electric Inc.,4,1,3,2025-12-30,2026-01-02,4.0,90
TCRX,"Tscan Therapeutics, Inc.",4,1,5,2025-12-24,2025-12-29,647204.0,90
PLX,"Protalix Biotherapeutics, Inc.",4,1,5,2025-12-24,2025-12-29,224000.0,90
AMLX,"Amylyx Pharmaceuticals, Inc.",4,1,5,2025-12-24,2025-12-29,32400.0,90
ESOA,Energy Services of America Corp,4,1,5,2025-12-24,2025-12-29,36400.0,90
ALNT,Allient Inc,4,1,5,2025-12-24,2025-12-29,3388.0,90
SSGC,Safespace Global Corp,4,1,5,2025-12-24,2025-12-29,400000.0,90
MCFT,"Mastercraft Boat Holdings, Inc.",4,1,3,2025-12-23,2025-12-26,539228.0,90
CNK,"Cinemark Holdings, Inc.",4,1,3,2025-12-23,2025-12-26,200000.0,90
KYTX,"Kyverna Therapeutics, Inc.",4,1,3,2025-12-23,2025-12-26,533332.0,90
AVGO,Broadcom Inc.,4,1,3,2025-12-23,2025-12-26,4000.0,90
EPSN,Epsilon Energy Ltd.,4,1,3,2025-12-23,2025-12-26,114000.0,90
LITS,"Lite Strategy, Inc.",4,1,3,2025-12-23,2025-12-26,280000.0,90
FWDI,"Forward Industries, Inc.",4,1,3,2025-12-23,2025-12-26,40000.0,90
NTST,Netstreit Corp.,4,1,3,2025-12-23,2025-12-26,4000.0,90
EVMN,"Evommune, Inc.",4,1,3,2025-12-23,2025-12-26,4000.0,90
NMZ,Nuveen Municipal High Income Opportunity Fund,4,1,3,2025-12-23,2025-12-26,4000.0,90
GLGI,"Greystone Logistics, Inc.",4,1,3,2025-12-23,2025-12-26,70000.0,90
ICU,Seastar Medical Holding Corp,4,1,3,2025-12-23,2025-12-26,16800.0,90
CCXIU,Churchill Capital Corp Xi,4,1,3,2025-12-22,2025-12-25,2000000.0,90
LQR,Lqr House Inc.,4,1,3,2025-12-22,2025-12-25,8000000.0,90
HNRG,Hallador Energy Co,4,1,3,2025-12-22,2025-12-25,80000.0,90
AEYE,Audioeye Inc,3,2,6,2026-03-13,2026-03-19,92850.0,80
ACIC,American Coastal Insurance Corp,3,2,22,2026-02-25,2026-03-19,7800.0,80
TGLS,Tecnoglass Inc.,3,2,6,2026-03-11,2026-03-17,522995.0,80
ALTG,Alta Equipment Group Inc.,3,2,1,2026-03-16,2026-03-17,84000.0,80
BBSI,Barrett Business Services Inc,3,2,13,2026-03-04,2026-03-17,12370.0,80
ROCK,"Gibraltar Industries, Inc.",3,2,6,2026-03-11,2026-03-17,19444.0,80
ADV,Advantage Solutions Inc.,3,2,5,2026-03-11,2026-03-16,208626.0,80
MERC,Mercer International Inc.,3,2,9,2026-03-02,2026-03-11,72000.0,80
MYGN,Myriad Genetics Inc,3,2,9,2026-03-02,2026-03-11,249014.0,80
OFIX,Orthofix Medical Inc.,3,2,12,2026-02-27,2026-03-11,280716.0,80
CBNA,Chain Bridge Bancorp Inc,3,2,4,2026-03-07,2026-03-11,1914.0,80
TPC,Tutor Perini Corp,3,2,1,2026-03-06,2026-03-07,45000.0,80
HR,Healthcare Realty Trust Inc,3,2,1,2026-03-06,2026-03-07,10020.0,80
SCWO,374Water Inc.,3,2,1,2025-12-22,2025-12-23,490000.0,80
PBI,Pitney Bowes Inc /De/,3,1,15,2026-03-04,2026-03-19,12000.0,70
SCND,Scientific Industries Inc,3,1,87,2025-12-22,2026-03-19,19200.0,70
ED,Consolidated Edison Inc,3,1,87,2025-12-22,2026-03-19,3.0,70
PODC,"Podcastone, Inc.",3,1,85,2025-12-22,2026-03-17,18500.0,70
BLMN,"Bloomin' Brands, Inc.",3,1,5,2026-03-11,2026-03-16,21000.0,70
DYN,"Dyne Therapeutics, Inc.",3,1,5,2026-03-11,2026-03-16,8000.0,70
CVSA,Covista Inc.,3,1,7,2026-03-06,2026-03-13,38436.0,70
SFM,"Sprouts Farmers Market, Inc.",3,1,2,2026-03-11,2026-03-13,7050.0,70
FOUR,"Shift4 Payments, Inc.",3,1,9,2026-03-03,2026-03-12,385757.0,70
TTEC,"Ttec Holdings, Inc.",3,1,6,2026-03-05,2026-03-11,273056.0,70
IHRT,"Iheartmedia, Inc.",3,1,5,2026-03-06,2026-03-11,81285.0,70
TTD,"Trade Desk, Inc.",3,1,2,2026-03-05,2026-03-07,18000000.0,70
BWIN,"Baldwin Insurance Group, Inc.",3,1,2,2026-03-05,2026-03-07,132600.0,70
MIAX,"Miami International Holdings, Inc.",3,1,1,2026-03-06,2026-03-07,21600.0,70
AHRT,"Ah Realty Trust, Inc.",3,1,2,2026-03-05,2026-03-07,30000.0,70
IBATF,International Battery Metals Ltd.,3,1,4,2026-02-26,2026-03-02,79281159.0,70
STEP,Stepstone Group Inc.,3,1,4,2026-02-26,2026-03-02,38379.0,70
ZION,"Zions Bancorporation, National Association /Ut/",3,1,4,2026-02-26,2026-03-02,13500.0,70
GSHD,"Goosehead Insurance, Inc.",3,1,4,2026-02-26,2026-03-02,16725.0,70
NEU,Newmarket Corp,3,1,4,2026-02-26,2026-03-02,1200.0,70
DTM,"Dt Midstream, Inc.",3,1,4,2026-02-26,2026-03-02,555.0,70
GBCI,"Glacier Bancorp, Inc.",3,1,4,2026-02-26,2026-03-02,561.0,70
CAR,"Avis Budget Group, Inc.",3,1,2,2026-02-25,2026-02-27,1275000.0,70
FIG,"Figma, Inc.",3,1,2,2026-02-25,2026-02-27,4400556.0,70
CVI,Cvr Energy Inc,3,1,2,2026-02-25,2026-02-27,2350212.0,70
UBER,"Uber Technologies, Inc",3,1,2,2026-02-25,2026-02-27,67359.0,70
TZOO,Travelzoo,3,1,2,2026-02-25,2026-02-27,600000.0,70
RYAN,"Ryan Specialty Holdings, Inc.",3,1,2,2026-02-25,2026-02-27,77595.0,70
OCUL,"Ocular Therapeutix, Inc",3,1,2,2026-02-25,2026-02-27,180687.0,70
EIG,"Employers Holdings, Inc.",3,1,2,2026-02-25,2026-02-27,6000.0,70
TCBX,"Third Coast Bancshares, Inc.",3,1,2,2026-02-25,2026-02-27,3600.0,70
FPI,Farmland Partners Inc.,3,1,2,2026-02-25,2026-02-27,4800.0,70
RRBI,Red River Bancshares Inc,3,1,18,2026-02-09,2026-02-27,875.0,70
ARDX,"Ardelyx, Inc.",3,1,2,2026-02-24,2026-02-26,999999.0,70
F,Ford Motor Co,3,1,2,2026-02-24,2026-02-26,420000.0,70
LPX,Louisiana-Pacific Corp,3,1,2,2026-02-24,2026-02-26,60000.0,70
GPN,Global Payments Inc,3,1,2,2026-02-24,2026-02-26,3639.0,70
FELE,Franklin Electric Co Inc,3,1,2,2026-02-24,2026-02-26,1500.0,70
RCEL,"Avita Medical, Inc.",3,1,2,2026-02-24,2026-02-26,9000.0,70
OFG,Ofg Bancorp,3,1,2,2026-02-23,2026-02-25,4620.0,70
PLYX,"Polaryx Therapeutics, Inc.",3,1,2,2026-02-23,2026-02-25,8601.0,70
WLIIU,Willow Lane Acquisition Corp. II,3,1,4,2026-02-20,2026-02-24,1110915.0,70
MH,"McGraw Hill, Inc.",3,1,4,2026-02-20,2026-02-24,174000.0,70
EFX,Equifax Inc,3,1,4,2026-02-20,2026-02-24,7200.0,70
CMRC,"Commerce.Com, Inc.",3,1,4,2026-02-20,2026-02-24,300000.0,70
USAC,"USA Compression Partners, LP",3,1,4,2026-02-20,2026-02-24,30000.0,70
LBRT,Liberty Energy Inc.,3,1,4,2026-02-20,2026-02-24,29088.0,70
NRC,National Research Corp,3,1,4,2026-02-20,2026-02-24,24000.0,70
HBCP,"Home Bancorp, Inc.",3,1,4,2026-02-20,2026-02-24,1500.0,70
HURC,Hurco Companies Inc,3,1,4,2026-02-20,2026-02-24,4350.0,70
SAH,Sonic Automotive Inc,3,1,4,2026-02-19,2026-02-23,300000.0,70
LNZA,"Lanzatech Global, Inc.",3,1,4,2026-02-19,2026-02-23,2909574.0,70
FAF,First American Financial Corp,3,1,4,2026-02-19,2026-02-23,179523.0,70
MSFT,Microsoft Corp,3,1,4,2026-02-19,2026-02-23,15000.0,70
DEI,Douglas Emmett Inc,3,1,4,2026-02-19,2026-02-23,294000.0,70
ABX,"Abacus Global Management, Inc.",3,1,4,2026-02-19,2026-02-23,258621.0,70
LYFT,"Lyft, Inc.",3,1,4,2026-02-19,2026-02-23,22470.0,70
VELO,"Velo3D, Inc.",3,1,4,2026-02-19,2026-02-23,21000.0,70
FUSB,"First Us Bancshares, Inc.",3,1,4,2026-02-19,2026-02-23,4500.0,70
HIPO,Hippo Holdings Inc.,3,1,4,2026-02-19,2026-02-23,1995.0,70
FWRD,Forward Air Corp,3,1,2,2026-02-18,2026-02-20,675000.0,70
DKNG,Draftkings Inc.,3,1,2,2026-02-18,2026-02-20,300000.0,70
ERNA,Ernexa Therapeutics Inc.,3,1,2,2026-02-18,2026-02-20,12000000.0,70
APC,Arko Petroleum Corp.,3,1,2,2026-02-18,2026-02-20,60000.0,70
CHGG,"Chegg, Inc",3,1,2,2026-02-18,2026-02-20,300000.0,70
VLY,Valley National Bancorp,3,1,2,2026-02-18,2026-02-20,7500.0,70
FMBH,"First Mid Bancshares, Inc.",3,1,2,2026-02-18,2026-02-20,651.0,70
PSNL,"Personalis, Inc.",3,1,2,2026-02-16,2026-02-18,960801.0,70
ARE,"Alexandria Real Estate Equities, Inc.",3,1,2,2026-02-16,2026-02-18,75000.0,70
NRX,"Neuraxis, Inc",3,1,2,2026-02-16,2026-02-18,240000.0,70
ONEW,Onewater Marine Inc.,3,1,2,2026-02-16,2026-02-18,73059.0,70
SCSC,"Scansource, Inc.",3,1,2,2026-02-16,2026-02-18,18000.0,70
PFSI,"Pennymac Financial Services, Inc.",3,1,2,2026-02-16,2026-02-18,6750.0,70
CINF,Cincinnati Financial Corp,3,1,2,2026-02-16,2026-02-18,3000.0,70
PNFP,"Pinnacle Financial Partners, Inc.",3,1,2,2026-02-16,2026-02-18,3000.0,70
UACU,United Acquisition Corp. I,3,1,2,2026-02-16,2026-02-18,1371.0,70
RBLX,Roblox Corp,3,1,2,2026-02-16,2026-02-18,66.0,70
THS,"Treehouse Foods, Inc.",3,1,4,2026-02-13,2026-02-17,1073751.0,70
IMDX,Insight Molecular Diagnostics Inc.,3,1,4,2026-02-13,2026-02-17,1565217.0,70
FIEE,"Fiee, Inc.",3,1,4,2026-02-13,2026-02-17,6414543.0,70
AON,Aon Plc,3,1,4,2026-02-13,2026-02-17,12000.0,70
MAT,Mattel Inc /De/,3,1,4,2026-02-13,2026-02-17,195000.0,70
NBHC,National Bank Holdings Corp,3,1,4,2026-02-13,2026-02-17,72600.0,70
KVHI,Kvh Industries Inc De,3,1,4,2026-02-13,2026-02-17,90000.0,70
MOH,"Molina Healthcare, Inc.",3,1,4,2026-02-13,2026-02-17,2400.0,70
BANC,"Banc of California, Inc.",3,1,2,2026-02-11,2026-02-13,42000.0,70
GL,Globe Life Inc.,3,1,2,2026-02-11,2026-02-13,6000.0,70
LADR,Ladder Capital Corp,3,1,2,2026-02-11,2026-02-13,15000.0,70
HCIC,Hennessy Capital Investment Corp. VIII,3,1,2,2026-02-10,2026-02-12,2013000.0,70
CBC,"Central Bancompany, Inc.",3,1,2,2026-02-10,2026-02-12,120000.0,70
FDBC,Fidelity D & D Bancorp Inc,3,1,2,2026-02-10,2026-02-12,31242.0,70
ADM,Archer-Daniels-Midland Co,3,1,2,2026-02-10,2026-02-12,22500.0,70
SHBI,Shore Bancshares Inc,3,1,2,2026-02-10,2026-02-12,15000.0,70
BV,"Brightview Holdings, Inc.",3,1,2,2026-02-10,2026-02-12,15000.0,70
URI,"United Rentals, Inc.",3,1,2,2026-02-10,2026-02-12,204.0,70
FNWB,First Northwest Bancorp,3,1,2,2026-02-10,2026-02-12,14310.0,70
ECBK,"Ecb Bancorp, Inc. /Md/",3,1,2,2026-02-10,2026-02-12,6600.0,70
IT,Gartner Inc,3,1,2,2026-02-10,2026-02-12,150.0,70
CXM,"Sprinklr, Inc.",3,1,2,2026-02-10,2026-02-12,60.0,70
TVA,Texas Ventures Acquisition III Corp,3,1,2,2026-02-09,2026-02-11,2775000.0,70
RUM,Rumble Inc.,3,1,2,2026-02-09,2026-02-11,2331036.0,70
LW,"Lamb Weston Holdings, Inc.",3,1,2,2026-02-09,2026-02-11,150000.0,70
BATRA,"Atlanta Braves Holdings, Inc.",3,1,2,2026-02-09,2026-02-11,116007.0,70
APH,Amphenol Corp /De/,3,1,2,2026-02-09,2026-02-11,30000.0,70
ROP,Roper Technologies Inc,3,1,2,2026-02-09,2026-02-11,4200.0,70
HWKN,Hawkins Inc,3,1,2,2026-02-09,2026-02-11,9000.0,70
WDFC,Wd 40 Co,3,1,2,2026-02-09,2026-02-11,1272.0,70
FLG,"Flagstar Bank, National Association",3,1,2,2026-02-09,2026-02-11,285.0,70
CV,"Capsovision, Inc",3,1,2,2026-02-09,2026-02-11,60.0,70
CLBRU,Colombier Acquisition Corp. III,3,1,4,2026-02-06,2026-02-10,450000.0,70
JCI,Johnson Controls International Plc,3,1,4,2026-02-06,2026-02-10,22995.0,70
GLXY,Galaxy Digital Inc.,3,1,4,2026-02-06,2026-02-10,75000.0,70
BCAL,California Bancorp  Ca,3,1,4,2026-02-06,2026-02-10,81000.0,70
LUMN,"Lumen Technologies, Inc.",3,1,4,2026-02-06,2026-02-10,236055.0,70
ENPH,"Enphase Energy, Inc.",3,1,4,2026-02-06,2026-02-10,15000.0,70
NTRS,Northern Trust Corp,3,1,4,2026-02-06,2026-02-10,3000.0,70
VKI,Invesco Advantage Municipal Income Trust II,3,1,2,2026-01-06,2026-01-08,25593.0,70
NAD,Nuveen Quality Municipal Income Fund,3,1,2,2026-01-06,2026-01-08,19122.0,70
EDBL,Edible Garden AG Inc,3,1,2,2026-01-06,2026-01-08,11100.0,70
SUNS,"Sunrise Realty Trust, Inc.",3,1,2,2026-01-05,2026-01-07,411000.0,70
FBRX,"Forte Biosciences, Inc.",3,1,2,2026-01-05,2026-01-07,29040.0,70
CUE,"Cue Biopharma, Inc.",3,1,2,2026-01-05,2026-01-07,971571.0,70
BDL,Flanigans Enterprises Inc,3,1,2,2026-01-05,2026-01-07,5598.0,70
ONFO,"Onfolio Holdings, Inc",3,1,2,2026-01-05,2026-01-07,223500.0,70
JOBY,"Joby Aviation, Inc.",3,1,2,2026-01-05,2026-01-07,3300.0,70
UWHR,Uwharrie Capital Corp,3,1,2,2026-01-05,2026-01-07,2667.0,70
CBZ,"Cbiz, Inc.",2,2,0,2026-03-19,2026-03-19,13775.0,60
FOA,Finance of America Companies Inc.,2,2,2,2026-03-17,2026-03-19,10628.0,60
ARQ,"Arq, Inc.",2,2,2,2026-03-17,2026-03-19,79500.0,60
BW,"Babcock & Wilcox Enterprises, Inc.",2,2,0,2026-03-19,2026-03-19,8285.0,60
RHLD,"Resolute Holdings Management, Inc.",2,2,0,2026-03-19,2026-03-19,1052.0,60
HBIO,Harvard Bioscience Inc,2,2,0,2026-03-19,2026-03-19,15000.0,60
AWRE,Aware Inc /Ma/,2,2,0,2026-03-19,2026-03-19,21254.0,60
NUTX,Nutex Health Inc.,2,2,2,2026-03-17,2026-03-19,89.0,60
IFF,International Flavors & Fragrances Inc,2,2,0,2026-03-17,2026-03-17,170719.0,60
MTN,Vail Resorts Inc,2,2,0,2026-03-17,2026-03-17,37690.0,60
ULBI,Ultralife Corp,2,2,0,2026-03-17,2026-03-17,189512.0,60
ABSI,Absci Corp,2,2,13,2026-03-04,2026-03-17,175095.0,60
SENS,"Senseonics Holdings, Inc.",2,2,0,2026-03-17,2026-03-17,34725.0,60
OSUR,Orasure Technologies Inc,2,2,0,2026-03-17,2026-03-17,44043.0,60
MDRR,"Medalist Diversified Reit, Inc.",2,2,9,2026-03-07,2026-03-16,41188.0,60
ABG,Asbury Automotive Group Inc,2,2,1,2026-03-11,2026-03-12,5500.0,60
MTDR,Matador Resources Co,2,2,7,2026-03-04,2026-03-11,735.0,60
CZFS,Citizens Financial Services Inc,2,2,4,2026-03-03,2026-03-07,688.0,60
CSGP,"Costar Group, Inc.",2,2,1,2026-03-03,2026-03-04,75720.0,60
SEI,"Solaris Energy Infrastructure, Inc.",2,2,0,2025-12-22,2025-12-22,8289.0,60
WEST,Westrock Coffee Co,2,1,2,2026-03-17,2026-03-19,100000.0,50
WAT,Waters Corp /De/,2,1,8,2026-03-11,2026-03-19,1500.0,50
MX,Magnachip Semiconductor Corp,2,1,2,2026-03-17,2026-03-19,60000.0,50
CPNG,"Coupang, Inc.",2,1,1,2026-03-16,2026-03-17,14700208.0,50
SNDA,"Sonida Senior Living, Inc.",2,1,1,2026-03-16,2026-03-17,7479432.0,50
FOX,Fox Corp,2,1,1,2026-03-16,2026-03-17,350744.0,50
PTLO,Portillo'S Inc.,2,1,1,2026-03-16,2026-03-17,572000.0,50
GOGO,Gogo Inc.,2,1,1,2026-03-16,2026-03-17,500000.0,50
CPS,Cooper-Standard Holdings Inc.,2,1,1,2026-03-16,2026-03-17,13770.0,50
GWRS,"Global Water Resources, Inc.",2,1,1,2026-03-16,2026-03-17,36610.0,50
JBHT,Hunt J B Transport Services Inc,2,1,1,2026-03-16,2026-03-17,410.0,50
KRRO,"Korro Bio, Inc.",2,1,3,2026-03-13,2026-03-16,414200.0,50
SBGI,"Sinclair, Inc.",2,1,3,2026-03-13,2026-03-16,194570.0,50
AMT,American Tower Corp /Ma/,2,1,3,2026-03-13,2026-03-16,5342.0,50
CRH,Crh Public Ltd Co,2,1,0,2026-03-16,2026-03-16,5800.0,50
SMRT,"Smartrent, Inc.",2,1,3,2026-03-13,2026-03-16,300000.0,50
BBBY,"Bed Bath & Beyond, Inc.",2,1,3,2026-03-13,2026-03-16,40000.0,50
STC,Stewart Information Services Corp,2,1,3,2026-03-13,2026-03-16,2000.0,50
WES,"Western Midstream Partners, LP",2,1,3,2026-03-13,2026-03-16,2500.0,50
MGEE,Mge Energy Inc,2,1,3,2026-03-13,2026-03-16,746.0,50
TRST,Trustco Bank Corp N Y,2,1,3,2026-03-13,2026-03-16,1176.0,50
LCTX,"Lineage Cell Therapeutics, Inc.",2,1,3,2026-03-13,2026-03-16,30000.0,50
FISI,Financial Institutions Inc,2,1,3,2026-03-13,2026-03-16,1320.0,50
CPRI,Capri Holdings Ltd,2,1,1,2026-03-12,2026-03-13,110000.0,50
DSGR,"Distribution Solutions Group, Inc.",2,1,1,2026-03-12,2026-03-13,28000.0,50
NCDL,Nuveen Churchill Direct Lending Corp.,2,1,1,2026-03-12,2026-03-13,35714.0,50
MCB,Metropolitan Bank Holding Corp.,2,1,1,2026-03-12,2026-03-13,2000.0,50
BRBR,"Bellring Brands, Inc.",2,1,1,2026-03-12,2026-03-13,4000.0,50
AOSL,Alpha & Omega Semiconductor Ltd,2,1,1,2026-03-11,2026-03-12,67454.0,50
MNKD,Mannkind Corp,2,1,1,2026-03-11,2026-03-12,200000.0,50
AI,"C3.Ai, Inc.",2,1,1,2026-03-11,2026-03-12,50000.0,50
VKTX,"Viking Therapeutics, Inc.",2,1,1,2026-03-11,2026-03-12,8950.0,50
ACEL,"Accel Entertainment, Inc.",2,1,1,2026-03-11,2026-03-12,20000.0,50
TDUP,Thredup Inc.,2,1,1,2026-03-11,2026-03-12,26314.0,50
VTRS,Viatris Inc,2,1,1,2026-03-11,2026-03-12,998.0,50
WGS,Genedx Holdings Corp.,2,1,1,2026-03-06,2026-03-07,339042.0,50
HEI,Heico Corp,2,1,1,2026-03-06,2026-03-07,8164.0,50
BA,Boeing Co,2,1,1,2026-03-06,2026-03-07,4460.0,50
FMC,Fmc Corp,2,1,1,2026-03-06,2026-03-07,36144.0,50
DGICA,Donegal Group Inc,2,1,1,2026-03-06,2026-03-07,18000.0,50
BALL,Ball Corp,2,1,1,2026-03-06,2026-03-07,3102.0,50
AKBA,"Akebia Therapeutics, Inc.",2,1,1,2026-03-06,2026-03-07,138540.0,50
RIVN,"Rivian Automotive, Inc. / De",2,1,1,2026-03-06,2026-03-07,3660.0,50
CARG,"Cargurus, Inc.",2,1,1,2026-03-05,2026-03-06,61532.0,50
DUOL,"Duolingo, Inc.",2,1,1,2026-03-05,2026-03-06,10000.0,50
WHR,Whirlpool Corp /De/,2,1,1,2026-03-05,2026-03-06,6610.0,50
MORN,"Morningstar, Inc.",2,1,1,2026-03-05,2026-03-06,2000.0,50
RUN,Sunrun Inc.,2,1,1,2026-03-05,2026-03-06,25000.0,50
DT,"Dynatrace, Inc.",2,1,1,2026-03-05,2026-03-06,6000.0,50
GLIBK,"Gci Liberty, Inc.",2,1,1,2026-03-05,2026-03-06,3668.0,50
NAUT,"Nautilus Biotechnology, Inc.",2,1,1,2026-03-05,2026-03-06,50000.0,50
ORI,Old Republic International Corp,2,1,1,2026-03-05,2026-03-06,2270.0,50
FTS,Fortis Inc.,2,1,1,2026-03-05,2026-03-06,1156.0,50
OSPN,Onespan Inc.,2,1,1,2026-03-05,2026-03-06,6600.0,50
FXNC,First National Corp /Va/,2,1,1,2026-03-05,2026-03-06,2000.0,50
CDNS,Cadence Design Systems Inc,2,1,1,2026-03-05,2026-03-06,108.0,50
BNL,"Broadstone Net Lease, Inc.",2,1,1,2026-03-05,2026-03-06,1718.0,50
CRL,"Charles River Laboratories International, Inc.",2,1,1,2026-03-05,2026-03-06,50.0,50
SBFG,"Sb Financial Group, Inc.",2,1,1,2026-03-05,2026-03-06,96.0,50
PRHI,"Presurance Holdings, Inc.",2,1,1,2026-03-04,2026-03-05,18133920.0,50
AUPH,Aurinia Pharmaceuticals Inc.,2,1,1,2026-03-04,2026-03-05,1800000.0,50
SABR,Sabre Corp,2,1,1,2026-03-04,2026-03-05,21269404.0,50
FRSH,Freshworks Inc.,2,1,1,2026-03-04,2026-03-05,250000.0,50
ACIW,"Aci Worldwide, Inc.",2,1,0,2026-03-05,2026-03-05,5400.0,50
FA,First Advantage Corp,2,1,1,2026-03-04,2026-03-05,18000.0,50
CABO,"Cable One, Inc.",2,1,1,2026-03-04,2026-03-05,1996.0,50
ZURA,Zura Bio Ltd,2,1,1,2026-03-03,2026-03-04,4000000.0,50
IDYA,"Ideaya Biosciences, Inc.",2,1,1,2026-03-03,2026-03-04,100000.0,50
MQ,"Marqeta, Inc.",2,1,1,2026-03-03,2026-03-04,51140.0,50
MELI,Mercadolibre Inc,2,1,1,2026-03-03,2026-03-04,114.0,50
AWI,Armstrong World Industries Inc,2,1,1,2026-03-03,2026-03-04,1150.0,50
XMTR,"Xometry, Inc.",2,1,1,2026-03-03,2026-03-04,2430.0,50
INFU,"Infusystem Holdings, Inc",2,1,1,2026-03-03,2026-03-04,4128.0,50
FRHC,Freedom Holding Corp.,2,1,1,2026-03-02,2026-03-03,40000.0,50
TRGS,Trg Latin America Acquisitions Corp.,2,1,1,2026-03-02,2026-03-03,450000.0,50
RHP,"Ryman Hospitality Properties, Inc.",2,1,1,2026-03-02,2026-03-03,15600.0,50
BATRK,"Atlanta Braves Holdings, Inc.",2,1,1,2026-03-02,2026-03-03,21736.0,50
PVLA,"Palvella Therapeutics, Inc.",2,1,0,2026-03-03,2026-03-03,6400.0,50
CMS,Cms Energy Corp,2,1,1,2026-03-02,2026-03-03,4000.0,50
HMN,Horace Mann Educators Corp /De/,2,1,1,2026-03-02,2026-03-03,7000.0,50
IONQ,"Ionq, Inc.",2,1,1,2026-03-02,2026-03-03,6000.0,50
MSEX,Middlesex Water Co,2,1,1,2026-03-02,2026-03-03,4000.0,50
IBCP,Independent Bank Corp /Mi/,2,1,1,2026-03-02,2026-03-03,2400.0,50
PMNT,Perfect Moment Ltd.,2,1,1,2026-03-02,2026-03-03,58100.0,50
OESX,"Orion Energy Systems, Inc.",2,1,1,2026-03-02,2026-03-03,1000.0,50
BRN,Barnwell Industries Inc,2,1,1,2026-03-02,2026-03-03,8866.0,50
CADL,"Candel Therapeutics, Inc.",2,1,3,2026-02-27,2026-03-02,1100916.0,50
IPWR,Ideal Power Inc.,2,1,3,2026-02-27,2026-03-02,181818.0,50
FRPT,"Freshpet, Inc.",2,1,3,2026-02-27,2026-03-02,1260.0,50
BACQ,Inflection Point Acquisition Corp. IV,2,1,3,2026-02-27,2026-03-02,8656.0,50
INBK,First Internet Bancorp,2,1,3,2026-02-27,2026-03-02,2000.0,50
SRTS,"Sensus Healthcare, Inc.",2,1,3,2026-02-27,2026-03-02,4000.0,50
GOOD,Gladstone Commercial Corp,2,1,3,2026-02-27,2026-03-02,550.0,50
HUM,Humana Inc,2,1,1,2026-02-26,2026-02-27,1620.0,50
AERA,Ai Era Corp.,2,1,1,2026-02-26,2026-02-27,260000.0,50
SMG,Scotts Miracle-Gro Co,2,1,1,2026-02-26,2026-02-27,1386.0,50
MKZR,"Mackenzie Realty Capital, Inc.",2,1,1,2026-02-26,2026-02-27,10000.0,50
NBR,Nabors Industries Ltd,2,1,1,2026-02-25,2026-02-26,12820.0,50
OGE,Oge Energy Corp.,2,1,1,2026-02-25,2026-02-26,20840.0,50
ITIC,Investors Title Co,2,1,1,2026-02-25,2026-02-26,1000.0,50
FBLA,"Fb Bancorp, Inc. /Md/",2,1,1,2026-02-25,2026-02-26,308.0,50
ELF,"E.L.F. Beauty, Inc.",2,1,1,2026-02-24,2026-02-25,10000.0,50
EQBK,Equity Bancshares Inc,2,1,1,2026-02-24,2026-02-25,220.0,50
NSPR,"Inspiremd, Inc.",2,1,1,2026-02-24,2026-02-25,5420.0,50
ARW,"Arrow Electronics, Inc.",2,1,1,2026-02-23,2026-02-24,7920.0,50
BX,Blackstone Inc.,2,1,1,2026-02-23,2026-02-24,1050.0,50
GNSS,Genasys Inc.,2,1,1,2026-02-23,2026-02-24,50914.0,50
RVSB,Riverview Bancorp Inc,2,1,1,2026-02-23,2026-02-24,6000.0,50
NTWK,Netsol Technologies Inc,2,1,1,2026-02-19,2026-02-20,12000.0,50
RXO,"Rxo, Inc.",2,1,1,2026-02-18,2026-02-19,1064552.0,50
KLRS,"Kalaris Therapeutics, Inc.",2,1,1,2026-02-18,2026-02-19,959694.0,50
CMIIU,Columbus Circle Capital Corp II,2,1,1,2026-02-18,2026-02-19,530000.0,50
KVYO,"Klaviyo, Inc.",2,1,1,2026-02-18,2026-02-19,32678.0,50
MDU,Mdu Resources Group Inc,2,1,1,2026-02-18,2026-02-19,10000.0,50
DIS,Walt Disney Co,2,1,1,2026-02-18,2026-02-19,1832.0,50
MPAA,Motorcar Parts of America Inc,2,1,1,2026-02-18,2026-02-19,2000.0,50
BIIB,Biogen Inc.,2,1,1,2026-02-18,2026-02-19,6.0,50
CLF,Cleveland-Cliffs Inc.,2,1,1,2026-02-16,2026-02-17,39400.0,50
RBBN,Ribbon Communications Inc.,2,1,1,2026-02-16,2026-02-17,74000.0,50
ILMN,"Illumina, Inc.",2,1,1,2026-02-12,2026-02-13,400.0,50
GOVB,"Gouverneur Bancorp, Inc./Md/",2,1,1,2026-02-12,2026-02-13,2000.0,50
QNTO,"Quaint Oak Bancorp, Inc.",2,1,1,2026-02-09,2026-02-10,2700.0,50
CME,Cme Group Inc.,2,1,1,2026-01-05,2026-01-06,524.0,50
,Highwater Ethanol LLC,2,1,1,2026-01-05,2026-01-06,8.0,50
RDGL,Vivos Inc,2,1,1,2026-01-05,2026-01-06,400000.0,50
KOD,Kodiak Sciences Inc.,2,1,1,2025-12-22,2025-12-23,5217392.0,50
MBAV,M3-Brigade Acquisition V Corp.,2,1,1,2025-12-22,2025-12-23,7058162.0,50
S,"Sentinelone, Inc.",2,1,1,2025-12-22,2025-12-23,80000.0,50
CRM,"Salesforce, Inc.",2,1,1,2025-12-22,2025-12-23,3872.0,50
SGHT,"Sight Sciences, Inc.",2,1,1,2025-12-22,2025-12-23,27916.0,50
XELB,"Xcel Brands, Inc.",2,1,1,2025-12-22,2025-12-23,162932.0,50
ATEX,Anterix Inc.,2,1,1,2025-12-22,2025-12-23,2320.0,50
OMCC,Old Market Capital Corp,2,1,1,2025-12-22,2025-12-23,4200.0,50
