Ticker,Sector,CurrentPrice,Min52w,Max52w,DistanceFromMin,RSI,Estado,Classification,DataPoints,AnalysisDate,FileDate,DaysAgo,BaseScore,FinalScore,InsiderActivity,InsiderTrades,InsiderValue,InsiderTickers,Signals,Urgency,RiskLevel,MappingCoverage
DJUSCA,Dow Jones U.S. Gambling Index,479.99,456.94,786.57,5.044425964021537,51.46819942521552,🟢,OPORTUNIDAD,252,2026-03-20 08:54:34,2026-03-20,0,80,80,False,0,0,[],[],ALTA,BAJO,0
DJUSIR,Dow Jones U.S. Insurance Index,1243.95,1238.16,1458.0,0.4676293855398303,84.57978679447989,🟢,OPORTUNIDAD,252,2026-03-20 08:54:34,2026-03-20,0,76,76,False,0,0,[],[],ALTA,MEDIO,0
DJUSCS,Dow Jones U.S. Specialized Consumer Services Index,2015.0,2001.4,3402.3,0.6795243329669185,86.21700879765403,🟢,OPORTUNIDAD,252,2026-03-20 08:54:34,2026-03-20,0,76,76,False,0,0,[],[],ALTA,MEDIO,0
DJUSDB,Dow Jones U.S. Brewers Index,431.62,427.03,648.25,1.074865934477679,89.60453283996299,🟢,OPORTUNIDAD,252,2026-03-20 08:54:34,2026-03-20,0,76,76,False,0,0,[],[],ALTA,MEDIO,0
DJUSMC,Dow Jones U.S. Health Care Equipment & Services Index,2075.4,2075.3,2488.9,0.0048185804461961,83.70991253644308,🟢,OPORTUNIDAD,252,2026-03-20 08:54:34,2026-03-20,0,76,76,False,0,0,[],[],ALTA,MEDIO,0
DJUSRN,Dow Jones U.S. Residential REITs Index,205.61,205.16,254.86,0.2193410021446759,79.98027613412236,🟢,OPORTUNIDAD,251,2026-03-20 08:54:34,2026-03-20,0,76,76,False,0,0,[],[],ALTA,MEDIO,0
DJUSIS,Dow Jones U.S. Support Services Index,708.72,703.29,903.06,0.7720854839397778,77.59056444818864,🟢,OPORTUNIDAD,251,2026-03-20 08:54:34,2026-03-20,0,76,76,False,0,0,[],[],ALTA,MEDIO,0
DJUSFA,Dow Jones U.S. Financial Administration Index,392.52,382.61,632.45,2.5901048064608787,65.53654245961938,🟢,OPORTUNIDAD,252,2026-03-20 08:54:34,2026-03-20,0,75,75,False,0,0,[],[],ALTA,MEDIO,0
DJUSAM,Dow Jones U.S. Medical Equipment Index,2637.2,2589.3,3122.0,1.849920828023004,79.59462537007511,🟢,OPORTUNIDAD,252,2026-03-20 08:54:34,2026-03-20,0,75,75,False,0,0,[],[],ALTA,MEDIO,0
DJUSIB,Dow Jones U.S. Insurance Brokers Index,611.38,597.46,891.38,2.3298630870685835,76.74238227146813,🟢,OPORTUNIDAD,252,2026-03-20 08:54:34,2026-03-20,0,75,75,False,0,0,[],[],ALTA,MEDIO,0
DJUSFT,Dow Jones U.S. Footwear Index,1214.6,1186.7,1718.4,2.3510575545630625,88.13559322033902,🟢,OPORTUNIDAD,252,2026-03-20 08:54:34,2026-03-20,0,75,75,False,0,0,[],[],ALTA,MEDIO,0
DJUSFP,Dow Jones U.S. Food Products Index,480.19,470.3,601.53,2.102913034233465,86.47058823529413,🟢,OPORTUNIDAD,251,2026-03-20 08:54:34,2026-03-20,0,75,75,False,0,0,[],[],ALTA,MEDIO,0
DJUSIX,Dow Jones U.S. Nonlife Insurance Index,1231.69,1215.03,1458.15,1.3711595598462658,84.53269153630153,🟢,OPORTUNIDAD,251,2026-03-20 08:54:34,2026-03-20,0,75,75,False,0,0,[],[],ALTA,MEDIO,0
DJUSRP,Dow Jones U.S. Recreational Products Index,248.43,244.44,412.76,1.632302405498285,77.31390311146123,🟢,OPORTUNIDAD,251,2026-03-20 08:54:34,2026-03-20,0,75,75,False,0,0,[],[],ALTA,MEDIO,0
DJUSSW,Dow Jones U.S. Software Index,6358.1,5758.2,9040.0,10.418186238755176,43.89392882065597,🟡,CERCA,252,2026-03-20 08:54:34,2026-03-20,0,75,75,False,0,0,[],[],ALTA,BAJO,0
DJUSHG,Dow Jones U.S. Household Goods & Home Construction Index,966.81,943.49,1128.05,2.471674315573025,90.44493824608544,🟢,OPORTUNIDAD,252,2026-03-20 08:54:34,2026-03-20,0,75,75,False,0,0,[],[],ALTA,MEDIO,0
DJUSBE,Dow Jones U.S. Business Training & Employment Agencies Index,83.23,75.0,128.66,10.97333333333334,47.89291026276646,🟡,CERCA,252,2026-03-20 08:54:34,2026-03-20,0,75,75,False,0,0,[],[],ALTA,BAJO,0
DJUSIV,Dow Jones U.S. Business Support Services Index,972.09,951.2,1315.39,2.196173254835996,70.44267877412022,🟢,OPORTUNIDAD,252,2026-03-20 08:54:34,2026-03-20,0,75,75,False,0,0,[],[],ALTA,MEDIO,0
DJUSDV,Dow Jones U.S. Computer Services Index,241.58,217.48,313.36,11.08147875666729,43.041997729852405,🟡,CERCA,252,2026-03-20 08:54:34,2026-03-20,0,75,75,False,0,0,[],[],ALTA,BAJO,0
DJUSCP,Dow Jones U.S. Containers & Packaging Index,402.56,388.62,504.83,3.5870516185476813,94.07524217166028,🟢,OPORTUNIDAD,252,2026-03-20 08:54:34,2026-03-20,0,75,75,False,0,0,[],[],ALTA,MEDIO,0
DJUSNG,Dow Jones U.S. Personal & Household Goods Index,952.33,909.61,1087.81,4.696518288057522,89.06083874778494,🟢,OPORTUNIDAD,252,2026-03-20 08:54:34,2026-03-20,0,74,74,False,0,0,[],[],MEDIA,MEDIO,0
DJUSRH,Dow Jones U.S. Real Estate Investment & Services,544.92,519.85,822.79,4.822544964893707,70.53561568194367,🟢,OPORTUNIDAD,252,2026-03-20 08:54:34,2026-03-20,0,74,74,False,0,0,[],[],MEDIA,MEDIO,0
DJUSHN,Dow Jones U.S. Nondurable Household Products Index,1130.72,1067.39,1377.19,5.933164073112913,88.6422742354946,🟢,OPORTUNIDAD,252,2026-03-20 08:54:34,2026-03-20,0,74,74,False,0,0,[],[],MEDIA,MEDIO,0
DJUSIP,Dow Jones U.S. Property & Casualty Insurance Index,1891.53,1792.93,2065.57,5.499378112921302,82.99234733718566,🟢,OPORTUNIDAD,252,2026-03-20 08:54:34,2026-03-20,0,74,74,False,0,0,[],[],MEDIA,MEDIO,0
DJUSFO,Dow Jones U.S. Food Producers Index,363.16,341.8,410.8,6.249268578115861,84.73322768092972,🟢,OPORTUNIDAD,251,2026-03-20 08:54:34,2026-03-20,0,74,74,False,0,0,[],[],MEDIA,MEDIO,0
DJUSSP,Dow Jones U.S. Specialty Finance Index,708.57,682.16,803.35,3.871525741761476,65.32306461292256,🟢,OPORTUNIDAD,251,2026-03-20 08:54:34,2026-03-20,0,74,74,False,0,0,[],[],MEDIA,MEDIO,0
DJUSWU,Dow Jones U.S. Water Index,2854.6,2537.2,3135.8,12.509853381680596,47.03485740153919,🟡,CERCA,251,2026-03-20 08:54:34,2026-03-20,0,74,74,False,0,0,[],[],MEDIA,BAJO,0
DJUSRU,Dow Jones U.S. Restaurants & Bars Index,2828.8,2686.2,3177.7,5.308614399523504,83.11984059208658,🟢,OPORTUNIDAD,252,2026-03-20 08:54:34,2026-03-20,0,74,74,False,0,0,[],[],MEDIA,MEDIO,0
DJUSES,Dow Jones U.S. Real Estate Services Index,259.83,247.88,392.49,4.820881071486198,70.54191755442338,🟢,OPORTUNIDAD,252,2026-03-20 08:54:34,2026-03-20,0,74,74,False,0,0,[],[],MEDIA,MEDIO,0
DJUSHI,Dow Jones U.S. Home Improvement Retailers Index,741.74,705.04,940.02,5.20537841824578,87.16839863164009,🟢,OPORTUNIDAD,252,2026-03-20 08:54:34,2026-03-20,0,74,74,False,0,0,[],[],MEDIA,MEDIO,0
DJUSCM,Dow Jones U.S. Personal Products Index,356.23,341.42,452.45,4.337765801651925,84.40489432703,🟢,OPORTUNIDAD,252,2026-03-20 08:54:34,2026-03-20,0,74,74,False,0,0,[],[],MEDIA,MEDIO,0
DJUSFB,Dow Jones U.S. Food & Beverage Index,723.68,667.95,798.54,8.343438880155686,92.90277616447914,🟢,OPORTUNIDAD,252,2026-03-20 08:54:34,2026-03-20,0,73,73,False,0,0,[],[],MEDIA,MEDIO,0
DJUSSF,Dow Jones U.S. Consumer Finance Index,677.45,619.26,837.68,9.396699286244882,79.72642188624906,🟢,OPORTUNIDAD,251,2026-03-20 08:54:34,2026-03-20,0,72,72,False,0,0,[],[],MEDIA,MEDIO,0
DJUSHP,Dow Jones U.S. Health Care Providers Index,2309.1,2106.6,3374.9,9.612645969809172,79.89380530973457,🟢,OPORTUNIDAD,252,2026-03-20 08:54:34,2026-03-20,0,72,72,False,0,0,[],[],MEDIA,MEDIO,0
DJUSMF,Dow Jones U.S. Mortgage Finance Index,10.96,9.98,14.77,9.81963927855712,75.33783783783787,🟢,OPORTUNIDAD,252,2026-03-20 08:54:34,2026-03-20,0,72,72,False,0,0,[],[],MEDIA,MEDIO,0
DJUSIL,Dow Jones U.S. Life Insurance Index,1178.43,1077.94,1346.73,9.32241126593317,71.25135574837316,🟢,OPORTUNIDAD,252,2026-03-20 08:54:34,2026-03-20,0,72,72,False,0,0,[],[],MEDIA,MEDIO,0
DJUSTT,Dow Jones U.S. Travel & Tourism Index,1157.41,957.74,1432.9,20.84803808966944,49.72178060413353,🟡,CERCA,251,2026-03-20 08:54:34,2026-03-20,0,71,71,False,0,0,[],[],MEDIA,BAJO,0
DJUSAV,Dow Jones U.S. Media Agencies Index,291.0,263.38,547.04,10.48674918368897,59.72998772671484,🟡,CERCA,252,2026-03-20 08:54:34,2026-03-20,0,69,69,False,0,0,[],[],MEDIA,BAJO,0
DJUSEH,Dow Jones U.S. Real Estate Holding & Development Index,68.56,50.8,69.58,34.96062992125986,17.632552404439025,🔴,FUERTE,129,2026-03-20 08:54:34,2026-03-20,0,65,65,False,0,0,[],[],MEDIA,BAJO,0
DJUSTL,Dow Jones U.S. Telecommunications Index,191.15,157.97,200.14,21.003988099006147,57.50811688311685,🟡,CERCA,251,2026-03-20 08:54:34,2026-03-20,0,65,65,False,0,0,[],[],MEDIA,BAJO,0
DJUSFC,Dow Jones U.S. Fixed Line Telecommunications Index,165.97,137.34,175.95,20.84607543323139,52.9198404062387,🟡,CERCA,252,2026-03-20 08:54:34,2026-03-20,0,65,65,False,0,0,[],[],MEDIA,BAJO,0
DJUSRS,Dow Jones U.S. Specialty Retailers Index,3783.1,3427.2,4908.8,10.384570494864615,82.83582089552239,🟡,CERCA,252,2026-03-20 08:54:34,2026-03-20,0,63,63,False,0,0,[],[],MEDIA,ALTO,0
DJUSBV,Dow Jones U.S. Beverages Index,1002.18,895.65,1104.64,11.894155082900683,89.72515180568878,🟡,CERCA,252,2026-03-20 08:54:34,2026-03-20,0,62,62,False,0,0,[],[],MEDIA,ALTO,0
DJUSHD,Dow Jones U.S. Durable Household Products Index,107.5,94.51,152.38,13.7445772934081,88.17921830314582,🟡,CERCA,251,2026-03-20 08:54:34,2026-03-20,0,62,62,False,0,0,[],[],MEDIA,ALTO,0
DJUSSD,Dow Jones U.S. Soft Drinks Index,982.33,874.51,1082.9,12.329190060719723,90.06073539067629,🟡,CERCA,252,2026-03-20 08:54:34,2026-03-20,0,62,62,False,0,0,[],[],MEDIA,ALTO,0
DJUSPG,Sector PG,474.97,426.49,576.81,11.367206734038318,87.0841487279843,🟡,CERCA,251,2026-03-20 08:54:34,2026-03-20,0,62,62,False,0,0,[],[],MEDIA,ALTO,0
DJUSME,Dow Jones U.S. Media Index,751.83,662.35,903.98,13.509473843134298,81.76081268277665,🟡,CERCA,252,2026-03-20 08:54:34,2026-03-20,0,62,62,False,0,0,[],[],MEDIA,ALTO,0
DJUSPC,Dow Jones U.S. Waste & Disposal Services Index,667.66,589.23,708.03,13.310591789284311,75.61983471074393,🟡,CERCA,252,2026-03-20 08:54:34,2026-03-20,0,62,62,False,0,0,[],[],MEDIA,ALTO,0
DJUSVN,Dow Jones U.S. Distillers & Vintners Index,291.54,260.67,391.16,11.842559558061918,74.80247704462948,🟡,CERCA,252,2026-03-20 08:54:34,2026-03-20,0,62,62,False,0,0,[],[],MEDIA,ALTO,0
DJUSTB,Dow Jones U.S. Tobacco Index,1126.79,978.74,1286.27,15.126591331712197,75.2347196561216,🟡,CERCA,251,2026-03-20 08:54:34,2026-03-20,0,61,61,False,0,0,[],[],MEDIA,ALTO,0
DJUSGI,Dow Jones U.S. General Industrials Index,711.85,613.23,834.56,16.082057303132594,87.24617307091525,🟡,CERCA,252,2026-03-20 08:54:34,2026-03-20,0,61,61,False,0,0,[],[],MEDIA,ALTO,0
DJUSIU,Dow Jones U.S. Reinsurance Index,542.33,467.58,592.5,15.986569143248229,76.98235999314946,🟡,CERCA,252,2026-03-20 08:54:34,2026-03-20,0,61,61,False,0,0,[],[],MEDIA,ALTO,0
DJUSHC,Dow Jones U.S. Health Care Index,1548.28,1344.15,1708.01,15.186549120261866,83.95416869819604,🟡,CERCA,252,2026-03-20 08:54:34,2026-03-20,0,61,61,False,0,0,[],[],MEDIA,ALTO,0
DJUSFI,Dow Jones U.S. Financial Services Index,2220.4,1907.9,2608.7,16.379265160647833,73.45971563981045,🟡,CERCA,252,2026-03-20 08:54:34,2026-03-20,0,60,60,False,0,0,[],[],MEDIA,ALTO,0
DJUSRE,Dow Jones U.S. Real Estate Index,367.3,311.91,387.16,17.75832772274053,80.12088650100736,🟡,CERCA,252,2026-03-20 08:54:34,2026-03-20,0,60,60,False,0,0,[],[],MEDIA,ALTO,0
DJUSGF,Dow Jones U.S. Financial Services Index,2488.8,2138.5,2924.0,16.380640635959793,73.46153846153845,🟡,CERCA,252,2026-03-20 08:54:34,2026-03-20,0,60,60,False,0,0,[],[],MEDIA,ALTO,0
DJUSFD,Dow Jones U.S. Food Retailers & Wholesalers Index,1288.32,1099.62,1353.53,17.160473618159006,65.34883720930236,🟡,CERCA,252,2026-03-20 08:54:34,2026-03-20,0,60,60,False,0,0,[],[],MEDIA,MEDIO,0
DJUSCH,Dow Jones U.S. Chemicals Index,1776.38,1497.87,2050.51,18.59373643907684,70.16031042997692,🟡,CERCA,252,2026-03-20 08:54:34,2026-03-20,0,60,60,False,0,0,[],[],MEDIA,ALTO,0
DJUSBC,Dow Jones U.S. Broadcasting & Entertainment Index,1125.4,962.0,1294.9,16.985446985446995,82.76533592989286,🟡,CERCA,252,2026-03-20 08:54:34,2026-03-20,0,60,60,False,0,0,[],[],MEDIA,ALTO,0
DJUSLE,Dow Jones U.S. Leisure Goods Index,845.94,724.03,1249.95,16.837700095299933,80.749144606519,🟡,CERCA,252,2026-03-20 08:54:34,2026-03-20,0,60,60,False,0,0,[],[],MEDIA,ALTO,0
DJUSHB,Dow Jones U.S. Home Construction Index,2207.46,1872.38,2900.07,17.89593992672427,89.49819035508163,🟡,CERCA,252,2026-03-20 08:54:34,2026-03-20,0,60,60,False,0,0,[],[],MEDIA,ALTO,0
DJUSSR,Dow Jones U.S. Specialty REITs Index,272.46,229.18,284.12,18.884719434505616,70.63736263736268,🟡,CERCA,252,2026-03-20 08:54:34,2026-03-20,0,59,59,False,0,0,[],[],BAJA,ALTO,0
DJUSMR,Dow Jones U.S. Mortgage REITs Index,29.82,24.64,34.46,21.02272727272727,77.93296089385481,🟡,CERCA,252,2026-03-20 08:54:34,2026-03-20,0,59,59,False,0,0,[],[],BAJA,ALTO,0
DJUSGT,Dow Jones U.S. General Retailers Index,3280.3,2720.3,3649.5,20.58596478329596,69.51414842498666,🟡,CERCA,252,2026-03-20 08:54:34,2026-03-20,0,59,59,False,0,0,[],[],BAJA,MEDIO,0
DJUSRT,Dow Jones U.S. Retail Index,2965.2,2453.4,3267.5,20.86084617265834,71.3878326996198,🟡,CERCA,251,2026-03-20 08:54:34,2026-03-20,0,59,59,False,0,0,[],[],BAJA,ALTO,0
DJUSRI,Dow Jones U.S. Real Estate Investment Trusts Index,151.51,126.8,159.64,19.487381703470028,80.37068239258645,🟡,CERCA,251,2026-03-20 08:54:34,2026-03-20,0,59,59,False,0,0,[],[],BAJA,ALTO,0
DJUSBD,Dow Jones U.S. Building Materials & Fixtures Index,2282.8,1876.9,2724.7,21.62608556662582,89.70963995354235,🟡,CERCA,252,2026-03-20 08:54:34,2026-03-20,0,58,58,False,0,0,[],[],BAJA,ALTO,0
DJUSMU,Dow Jones U.S. Multiutilities Index,305.68,249.55,314.85,22.49248647565618,60.31227305737114,🟡,CERCA,251,2026-03-20 08:54:34,2026-03-20,0,58,58,False,0,0,[],[],BAJA,MEDIO,0
DJUSTY,Dow Jones U.S. Toys Index,1399.12,1149.53,2066.13,21.712352004732363,80.42165367299879,🟡,CERCA,252,2026-03-20 08:54:34,2026-03-20,0,58,58,False,0,0,[],[],BAJA,ALTO,0
DJUSAG,Dow Jones U.S. Asset Managers Index,332.57,273.77,426.58,21.477882894400416,64.6023805416595,🟡,CERCA,252,2026-03-20 08:54:34,2026-03-20,0,58,58,False,0,0,[],[],BAJA,MEDIO,0
DJUSWC,Dow Jones U.S. Mobile Telecommunications Index,427.64,349.48,451.05,22.364656060432637,60.93687173301165,🟡,CERCA,252,2026-03-20 08:54:34,2026-03-20,0,58,58,False,0,0,[],[],BAJA,MEDIO,0
DJUSPL,Dow Jones U.S. Pipelines Index,1300.68,925.07,1320.25,40.603413795712754,31.036707771723457,🔴,FUERTE,252,2026-03-20 08:54:34,2026-03-20,0,57,57,False,0,0,[],[],BAJA,MEDIO,0
DJUSCC,Dow Jones U.S. Commodity Chemicals Index,792.4,608.9,808.72,30.136311381179176,46.15384615384613,🔴,FUERTE,251,2026-03-20 08:54:34,2026-03-20,0,55,55,False,0,0,[],[],BAJA,BAJO,0
DJUSPB,Dow Jones U.S. Publishing Index,869.84,663.16,885.56,31.16593280656253,46.55001241002727,🔴,FUERTE,252,2026-03-20 08:54:34,2026-03-20,0,55,55,False,0,0,[],[],BAJA,BAJO,0
DJUSOG,Dow Jones U.S. Oil & Gas Producers,1139.8,707.01,1147.73,61.214127098626605,23.348236462990613,🔴,FUERTE,252,2026-03-20 08:54:34,2026-03-20,0,55,55,False,0,0,[],[],BAJA,MEDIO,0
DJUSEN,Dow Jones U.S. Oil & Gas Index,993.35,623.85,999.6,59.228981325639175,25.549132947976844,🔴,FUERTE,251,2026-03-20 08:54:34,2026-03-20,0,55,55,False,0,0,[],[],BAJA,MEDIO,0
DJUSOS,Dow Jones U.S. Exploration & Production Index,1368.89,821.29,1387.64,66.67559570918922,14.658728670541876,🔴,FUERTE,252,2026-03-20 08:54:34,2026-03-20,0,52,52,False,0,0,[],[],BAJA,MEDIO,0
DJUSRB,Dow Jones U.S. Broadline Retailers Index,4652.8,3641.4,5214.8,27.77503158125996,58.427526595744645,🔴,FUERTE,251,2026-03-20 08:54:34,2026-03-20,0,50,50,False,0,0,[],[],BAJA,BAJO,0
DJUSOL,Dow Jones U.S. Integrated Oil & Gas Index,1016.72,645.42,1023.4,57.528431099129264,31.953517156020084,🔴,FUERTE,252,2026-03-20 08:54:34,2026-03-20,0,50,50,False,0,0,[],[],BAJA,MEDIO,0
DJUSGU,Dow Jones U.S. Gas Distribution Index,414.9,324.1,425.75,28.01604443073124,53.99239543726238,🔴,FUERTE,252,2026-03-20 08:54:34,2026-03-20,0,50,50,False,0,0,[],[],BAJA,BAJO,0
DJUSSV,Dow Jones U.S. Software & Computer Services Index,7376.9,5509.7,8975.6,33.889322467647965,51.87413814717315,🔴,FUERTE,251,2026-03-20 08:54:34,2026-03-20,0,47,47,False,0,0,[],[],BAJA,BAJO,0
DJUSID,Dow Jones U.S. Diversified Industrials Index,976.73,767.22,1097.69,27.3076822814838,76.47390691114249,🔴,FUERTE,252,2026-03-20 08:54:34,2026-03-20,0,44,44,False,0,0,[],[],BAJA,ALTO,0
DJUSRA,Dow Jones U.S. Apparel Retailers Index,2157.47,1507.8,2243.06,43.08727948003713,58.675530392188094,🔴,FUERTE,252,2026-03-20 08:54:34,2026-03-20,0,44,44,False,0,0,[],[],BAJA,MEDIO,0
DJUSRR,Dow Jones U.S. Railroads Index,3526.6,2788.9,4019.5,26.45128903868908,86.09843546284228,🔴,FUERTE,251,2026-03-20 08:54:34,2026-03-20,0,44,44,False,0,0,[],[],BAJA,ALTO,0
DJUSBT,Dow Jones U.S. Biotechnology Index,2934.4,2297.4,3319.4,27.726995734308343,79.4188861985472,🔴,FUERTE,252,2026-03-20 08:54:34,2026-03-20,0,44,44,False,0,0,[],[],BAJA,ALTO,0
DJUSFH,Dow Jones U.S. Furnishings Index,406.27,319.67,545.94,27.090437013169826,92.25051105742423,🔴,FUERTE,251,2026-03-20 08:54:34,2026-03-20,0,44,44,False,0,0,[],[],BAJA,ALTO,0
DJUSDR,Dow Jones U.S. Food & Drug Retailers Index,1697.5,1341.74,1812.26,26.514824034462716,78.26554766516028,🔴,FUERTE,252,2026-03-20 08:54:34,2026-03-20,0,44,44,False,0,0,[],[],BAJA,ALTO,0
DJUSFR,Dow Jones U.S. Forestry & Paper Index,900.47,703.58,946.63,27.98402456010688,68.45765456797184,🔴,FUERTE,252,2026-03-20 08:54:34,2026-03-20,0,44,44,False,0,0,[],[],BAJA,MEDIO,0
DJUSDT,Dow Jones U.S. Diversified REITs Index,59.65,46.63,65.07,27.921938666094785,90.51878354203936,🔴,FUERTE,252,2026-03-20 08:54:34,2026-03-20,0,44,44,False,0,0,[],[],BAJA,ALTO,0
DJUSAT,Dow Jones U.S. Auto Parts Index,371.38,288.25,490.7,28.839549002601903,91.80124223602483,🔴,FUERTE,251,2026-03-20 08:54:34,2026-03-20,0,43,43,False,0,0,[],[],BAJA,ALTO,0
DJUSRL,Dow Jones U.S. Retail REITs Index,107.53,83.32,114.2,29.056649063850227,80.82788671023961,🔴,FUERTE,252,2026-03-20 08:54:34,2026-03-20,0,43,43,False,0,0,[],[],BAJA,ALTO,0
DJUSUT,Dow Jones U.S. Utilities Index,457.13,353.79,470.38,29.20941801633737,66.52828230409956,🔴,FUERTE,252,2026-03-20 08:54:34,2026-03-20,0,43,43,False,0,0,[],[],BAJA,MEDIO,0
DJUSMS,Dow Jones U.S. Medical Supplies Index,1934.71,1493.05,2141.29,29.581058906265707,81.6897895557288,🔴,FUERTE,251,2026-03-20 08:54:34,2026-03-20,0,43,43,False,0,0,[],[],BAJA,ALTO,0
DJUSMT,Dow Jones U.S. Marine Transportation Index,427.19,261.01,442.12,63.66805869506916,49.35868071461291,🔴,FUERTE,252,2026-03-20 08:54:34,2026-03-20,0,42,42,False,0,0,[],[],BAJA,MEDIO,0
DJUSEU,Dow Jones U.S. Electricity Index,454.21,340.99,471.47,33.20331974544707,69.87328678562196,🔴,FUERTE,252,2026-03-20 08:54:34,2026-03-20,0,42,42,False,0,0,[],[],BAJA,MEDIO,0
DJUSVE,Dow Jones U.S. Conventional Electricity Index,455.13,341.92,472.89,33.11008423022928,70.05926307652666,🔴,FUERTE,252,2026-03-20 08:54:34,2026-03-20,0,42,42,False,0,0,[],[],BAJA,ALTO,0
DJUSCX,Dow Jones U.S. Specialty Chemicals Index,1161.71,863.05,1301.27,34.60517930594984,81.53297498449444,🔴,FUERTE,252,2026-03-20 08:54:34,2026-03-20,0,41,41,False,0,0,[],[],BAJA,ALTO,0
DJUSIO,Dow Jones U.S. Industrial & Office REITs Index,107.66,79.12,117.63,36.07178968655206,81.51935719503288,🔴,FUERTE,252,2026-03-20 08:54:34,2026-03-20,0,41,41,False,0,0,[],[],BAJA,ALTO,0
DJUSIT,Dow Jones U.S. Industrial Transportation Index,1667.4,1243.5,1896.5,34.08926417370326,88.09523809523816,🔴,FUERTE,251,2026-03-20 08:54:34,2026-03-20,0,41,41,False,0,0,[],[],BAJA,ALTO,0
DJUSPN,Dow Jones U.S. Pharmaceuticals & Biotechnology Index,1287.33,960.01,1403.97,34.09547817210237,83.21534596939938,🔴,FUERTE,252,2026-03-20 08:54:34,2026-03-20,0,41,41,False,0,0,[],[],BAJA,ALTO,0
DJUSSB,Dow Jones U.S. Investment Services Index,2785.4,2060.8,3276.0,35.16110248447204,64.89940184883085,🔴,FUERTE,251,2026-03-20 08:54:34,2026-03-20,0,41,41,False,0,0,[],[],BAJA,MEDIO,0
DJUSDS,Dow Jones U.S. Industrial Suppliers Index,938.07,683.22,1090.53,37.30130850970405,80.25279147537256,🔴,FUERTE,252,2026-03-20 08:54:34,2026-03-20,0,40,40,False,0,0,[],[],BAJA,ALTO,0
DJUSFE,Dow Jones U.S. Industrial Machinery Index,1329.27,969.18,1509.14,37.154089023710775,88.37043451683566,🔴,FUERTE,251,2026-03-20 08:54:34,2026-03-20,0,40,40,False,0,0,[],[],BAJA,ALTO,0
DJUSDN,Dow Jones U.S. Defense Index,910.11,598.11,973.44,52.16431760044139,59.251453488372114,🔴,FUERTE,252,2026-03-20 08:54:34,2026-03-20,0,40,40,False,0,0,[],[],BAJA,MEDIO,0
DJUSPR,Dow Jones U.S. Pharmaceuticals Index,1074.24,765.56,1173.03,40.32081090966091,83.62153116720123,🔴,FUERTE,251,2026-03-20 08:54:34,2026-03-20,0,39,39,False,0,0,[],[],BAJA,ALTO,0
DJUSHL,Dow Jones U.S. Hotel & Lodging REITs Index,101.63,65.02,111.31,56.30575207628422,57.88519637462236,🔴,FUERTE,252,2026-03-20 08:54:34,2026-03-20,0,38,38,False,0,0,[],[],BAJA,MEDIO,0
DJUSRD,Dow Jones U.S. Drug Retailers Index,1414.7,989.79,1589.16,42.92930823710081,78.47905006806839,🔴,FUERTE,252,2026-03-20 08:54:34,2026-03-20,0,38,38,False,0,0,[],[],BAJA,ALTO,0
DJUSAF,Dow Jones U.S. Delivery Services Index,1313.0,916.9,1512.7,43.19991274948195,88.2181110029211,🔴,FUERTE,251,2026-03-20 08:54:34,2026-03-20,0,38,38,False,0,0,[],[],BAJA,ALTO,0
DJUSCN,Dow Jones U.S. Construction & Materials Index,2112.06,1484.39,2404.73,42.28470954398775,80.35330756013755,🔴,FUERTE,252,2026-03-20 08:54:34,2026-03-20,0,38,38,False,0,0,[],[],BAJA,ALTO,0
DJUSIG,Dow Jones U.S. Industrial Goods & Services Index,1568.39,1094.74,1716.89,43.26598096351646,78.50920910075841,🔴,FUERTE,252,2026-03-20 08:54:34,2026-03-20,0,38,38,False,0,0,[],[],BAJA,ALTO,0
DJUSBK,Dow Jones U.S. Banks Index,743.03,521.55,873.98,42.46572715942863,76.17631851085828,🔴,FUERTE,252,2026-03-20 08:54:34,2026-03-20,0,38,38,False,0,0,[],[],BAJA,ALTO,0
DJUSTK,Dow Jones U.S. Trucking Index,1788.42,1244.48,2143.06,43.70821547955773,72.65884357968365,🔴,FUERTE,252,2026-03-20 08:54:34,2026-03-20,0,38,38,False,0,0,[],[],BAJA,ALTO,0
DJUSLG,Dow Jones U.S. Hotels Index,4824.9,3245.4,5445.7,48.66888519134774,62.9591093538654,🔴,FUERTE,252,2026-03-20 08:54:34,2026-03-20,0,36,36,False,0,0,[],[],BAJA,ALTO,0
DJUSTC,Dow Jones U.S. Technology Index,8271.1,5115.5,9259.3,61.687029615873335,53.682667643825575,🔴,FUERTE,252,2026-03-20 08:54:34,2026-03-20,0,36,36,False,0,0,[],[],BAJA,MEDIO,0
DJUSRQ,Dow Jones U.S. Recreational Services Index,167.08,110.98,215.97,50.5496485853307,75.81566820276494,🔴,FUERTE,252,2026-03-20 08:54:34,2026-03-20,0,35,35,False,0,0,[],[],BAJA,ALTO,0
DJUSCT,Dow Jones U.S. Telecommunications Equipment Index,3105.05,1708.47,3123.44,81.7444848314574,45.84064101241445,🔴,FUERTE,251,2026-03-20 08:54:34,2026-03-20,0,34,34,False,0,0,[],[],BAJA,MEDIO,0
DJUSST,Dow Jones U.S. Iron & Steel Index,648.14,416.26,812.3,55.70556863498774,77.28878022276554,🔴,FUERTE,252,2026-03-20 08:54:34,2026-03-20,0,33,33,False,0,0,[],[],BAJA,ALTO,0
DJUSCR,Dow Jones U.S. Computer Hardware Index,13081.0,8364.8,14404.8,56.38150344299925,67.04071441160923,🔴,FUERTE,252,2026-03-20 08:54:34,2026-03-20,0,32,32,False,0,0,[],[],BAJA,ALTO,0
DJUSIQ,Dow Jones U.S. Industrial Engineering Index,5333.2,3318.0,6047.8,60.73538276069921,79.52013710368468,🔴,FUERTE,252,2026-03-20 08:54:34,2026-03-20,0,31,31,False,0,0,[],[],BAJA,ALTO,0
DJUSNS,Dow Jones U.S. Internet Index,6785.0,3842.4,7726.0,76.58234436810326,59.94199162101194,🔴,FUERTE,252,2026-03-20 08:54:34,2026-03-20,0,30,30,False,0,0,[],[],BAJA,MEDIO,0
DJUSAR,Dow Jones U.S. Airlines Index,224.38,137.83,279.8,62.79474715228904,65.54336468129573,🔴,FUERTE,252,2026-03-20 08:54:34,2026-03-20,0,30,30,False,0,0,[],[],BAJA,ALTO,0
DJUSAE,Dow Jones U.S. Aerospace & Defense Index,3078.8,1861.2,3407.6,65.42015903718031,70.3691386764217,🔴,FUERTE,252,2026-03-20 08:54:34,2026-03-20,0,29,29,False,0,0,[],[],BAJA,ALTO,0
DJUSOI,Dow Jones U.S. Oil Equipment & Services Index,365.07,198.86,386.43,83.5814140601428,59.65817848130306,🔴,FUERTE,252,2026-03-20 08:54:34,2026-03-20,0,28,28,False,0,0,[],[],BAJA,MEDIO,0
DJUSAP,Dow Jones U.S. Automobiles & Parts Index,1438.9,845.49,1853.16,70.18533631385353,65.2374628470246,🔴,FUERTE,252,2026-03-20 08:54:34,2026-03-20,0,27,27,False,0,0,[],[],BAJA,ALTO,0
DJUSAS,Dow Jones U.S. Aerospace Index,3249.8,1883.9,3661.9,72.50384839959658,73.32490518331225,🔴,FUERTE,252,2026-03-20 08:54:34,2026-03-20,0,26,26,False,0,0,[],[],BAJA,ALTO,0
DJUSAU,Dow Jones U.S. Automobiles Index,1314.48,758.25,1704.26,73.3570722057369,64.17412968823649,🔴,FUERTE,252,2026-03-20 08:54:34,2026-03-20,0,26,26,False,0,0,[],[],BAJA,ALTO,0
DJUSIM,Dow Jones U.S. Industrial Metals & Mining Index,612.37,350.58,748.44,74.67339836841806,77.5837189630293,🔴,FUERTE,252,2026-03-20 08:54:34,2026-03-20,0,25,25,False,0,0,[],[],BAJA,ALTO,0
DJUSTR,Dow Jones U.S. Tires Index,10218.3,5326.7,10991.5,91.83171569639738,54.038840416549405,🔴,FUERTE,251,2026-03-20 08:54:34,2026-03-20,0,24,24,False,0,0,[],[],BAJA,MEDIO,0
DJUSTQ,Dow Jones U.S. Technology Hardware & Equipment Index,10218.3,5326.7,10991.5,91.83171569639738,54.038840416549405,🔴,FUERTE,251,2026-03-20 08:54:34,2026-03-20,0,24,24,False,0,0,[],[],BAJA,MEDIO,0
DJUSAL,Dow Jones U.S. Aluminum Index,200.36,73.62,233.53,172.15430589513718,56.382051840557615,🔴,FUERTE,252,2026-03-20 08:54:34,2026-03-20,0,21,21,False,0,0,[],[],BAJA,MEDIO,0
DJUSSC,Dow Jones U.S. Semiconductors Index,28744.2,12938.1,31058.8,122.1670879031697,50.43497319351248,🔴,FUERTE,251,2026-03-20 08:54:34,2026-03-20,0,21,21,False,0,0,[],[],BAJA,MEDIO,0
DJUSEC,Dow Jones U.S. Electrical Components & Equipment Index,1210.67,562.61,1286.69,115.1881409857628,59.42747661444828,🔴,FUERTE,252,2026-03-20 08:54:34,2026-03-20,0,21,21,False,0,0,[],[],BAJA,MEDIO,0
DJUSHV,Dow Jones U.S. Heavy Construction Index,2781.48,1138.85,2881.21,144.23585195592045,50.180793454088665,🔴,FUERTE,252,2026-03-20 08:54:34,2026-03-20,0,21,21,False,0,0,[],[],BAJA,MEDIO,0
DJUSHR,Dow Jones U.S. Commercial Vehicles & Trucks Index,7283.8,3916.0,8259.6,86.00102145045966,74.20273744181199,🔴,FUERTE,252,2026-03-20 08:54:34,2026-03-20,0,21,21,False,0,0,[],[],BAJA,ALTO,0
DJUSBS,Dow Jones U.S. Basic Resources Index,523.4,274.91,665.46,90.3895820450329,85.89757183755704,🔴,FUERTE,251,2026-03-20 08:54:34,2026-03-20,0,19,19,False,0,0,[],[],BAJA,ALTO,0
DJUSNF,Dow Jones U.S. Nonferrous Metals Index,717.27,372.55,932.97,92.52986176352168,78.80394317538793,🔴,FUERTE,252,2026-03-20 08:54:34,2026-03-20,0,18,18,False,0,0,[],[],BAJA,ALTO,0
DJUSAI,Dow Jones U.S. Electronic Equipment Index,2179.78,913.78,2487.9,138.54538291492483,65.16124042997444,🔴,FUERTE,252,2026-03-20 08:54:34,2026-03-20,0,15,15,False,0,0,[],[],BAJA,ALTO,0
DJUSEE,Dow Jones U.S. Electronic & Electrical Equipment Index,1432.6,643.85,1558.45,122.5052419041702,62.133072407045056,🔴,FUERTE,252,2026-03-20 08:54:34,2026-03-20,0,15,15,False,0,0,[],[],BAJA,ALTO,0
DJUSPM,Dow Jones U.S. Gold Mining Index,258.8,114.12,354.16,126.7788293024886,91.60673645880748,🔴,FUERTE,252,2026-03-20 08:54:34,2026-03-20,0,15,15,False,0,0,[],[],BAJA,ALTO,0
DJUSMG,Dow Jones U.S. Mining Index,223.48,101.37,303.37,120.45970208148364,90.79970184218936,🔴,FUERTE,252,2026-03-20 08:54:34,2026-03-20,0,15,15,False,0,0,[],[],BAJA,ALTO,0
