ticker,current_price,entry_price,entry_range,stop_loss,exit_price,exit_range,risk_reward,risk_pct,reward_pct,entry_timing,meets_risk_reward,vcp_score,ml_score,momentum_score,trend_score,volume_score,company_name,fundamental_score,sector,industry,earnings_quality_score,growth_acceleration_score,relative_strength_score,financial_health_score,catalyst_timing_score,market_cap,super_score_ultimate,vcp_contribution,ml_contribution,fundamental_contribution,score_timestamp,data_as_of_date,market_regime,market_recommendation,ma_filter_pass,ma_filter_score,ma_filter_reason,ad_signal,ad_score,ad_reason,float_category,shares_outstanding_millions,filter_penalty,super_score_before_filters,rs_line_score,rs_line_at_new_high,rs_line_trend,rs_line_percentile,rs_line_bonus,eps_accelerating,eps_accel_quarters,rev_accelerating,rev_accel_quarters,canslim_a_bonus,industry_group_rank,industry_group_total,industry_group_percentile,industry_group_label,industry_group_rs,industry_bonus,short_bonus,proximity_bonus,trend_bonus,filters_passed,tier,quality,validation_status,validation_score,validation_reason,price_vs_ath,recent_news_sentiment,analyst_consensus,valuation_concern
IP,35.56,34.85,$34.15-$35.55,32.9,50.95,$48.4-$53.49,8.25,5.6,46.19,BUY ON PULLBACK - Wait for 2-5% dip,True,89.42857142857143,79.6,92.7,100.0,95.0,,50.0,,,,,,,,,39.7,35.8,23.9,15.0,2026-02-19 17:04:04,2026-02-19,CORRECTION,AVOID,False,0,Error: Too Many Requests. Rate limited. Try after a while.,UNKNOWN,50,Error: Too Many Requests. Rate limited. Try after a while.,UNKNOWN,,35.0,74.7,,,,,0.0,,,,,0.0,,,,,,0.0,0.0,0.0,0.0,0/3,⚠️ WEAK,🔴 Weak,UNKNOWN,50.0,,,NEUTRAL,,False
BAX,16.61,16.4,$16.07-$16.73,15.76,27.61,$26.23-$28.99,17.42,3.92,68.32,BUY NOW - At target entry price,True,90.19444444444444,50.0,,,,Baxter International Inc.,60.5,Healthcare,Medical Instruments & Supplies,50.0,80.0,65.0,50.0,50.0,11316208640.0,39.2,36.1,15.0,18.2,2026-02-19 17:04:04,2026-02-19,CORRECTION,AVOID,False,0,Error: Too Many Requests. Rate limited. Try after a while.,UNKNOWN,50,Error: Too Many Requests. Rate limited. Try after a while.,UNKNOWN,,35.0,69.2,,,,,0.0,,,,,0.0,1.0,5.0,100.0,Top 10%,72.2,5.0,0.0,0.0,0.0,0/3,⚠️ WEAK,🔴 Weak,UNKNOWN,50.0,,,NEUTRAL,,False
ALGN,180.86,177.24,$173.7-$180.79,163.06,229.11,$217.65-$240.57,3.66,8.0,29.26,BUY ON PULLBACK - Wait for 2-5% dip,True,85.0952380952381,50.0,,,,"Align Technology, Inc.",64.0,Healthcare,Medical Instruments & Supplies,55.0,50.0,85.0,80.0,60.0,13704091648.0,38.2,34.0,15.0,19.2,2026-02-19 17:04:04,2026-02-19,CORRECTION,AVOID,False,0,Error: Too Many Requests. Rate limited. Try after a while.,UNKNOWN,50,Error: Too Many Requests. Rate limited. Try after a while.,UNKNOWN,,35.0,68.2,,,,,0.0,,,,,0.0,1.0,5.0,100.0,Top 10%,72.2,5.0,0.0,0.0,0.0,0/3,⚠️ WEAK,🔴 Weak,UNKNOWN,50.0,,,NEUTRAL,,False
DECK,102.45,101.55,$99.52-$103.58,97.57,136.57,$129.74-$143.4,8.79,3.92,34.49,BUY NOW - At target entry price,True,89.11904761904762,50.0,,,,Deckers Outdoor Corporation,71.7,Consumer Cyclical,Footwear & Accessories,55.0,80.0,71.0,100.0,60.0,17163639808.0,37.2,35.6,15.0,21.5,2026-02-19 17:04:04,2026-02-19,CORRECTION,AVOID,False,0,Error: Too Many Requests. Rate limited. Try after a while.,UNKNOWN,50,Error: Too Many Requests. Rate limited. Try after a while.,UNKNOWN,,35.0,72.2,,,,,0.0,,,,,0.0,,5.0,,Sin datos suficientes,71.0,0.0,0.0,0.0,0.0,0/3,⚠️ WEAK,🔴 Weak,UNKNOWN,50.0,,,NEUTRAL,,False
COP,127.19,128.46,$125.89-$131.03,118.18,153.14,$145.49-$160.8,2.4,8.0,19.21,BUY NOW - At target entry price,False,89.52631578947368,50.0,,,,ConocoPhillips,67.0,Energy,Oil & Gas E&P,55.0,70.0,79.0,75.0,60.0,136108187648.0,35.900000000000006,35.8,15.0,20.1,2026-02-19 17:04:04,2026-02-19,CORRECTION,AVOID,False,0,Error: Too Many Requests. Rate limited. Try after a while.,UNKNOWN,50,Error: Too Many Requests. Rate limited. Try after a while.,UNKNOWN,,35.0,70.9,,,,,0.0,,,,,0.0,,5.0,,Sin datos suficientes,79.0,0.0,0.0,0.0,0.0,0/3,⚠️ WEAK,🔴 Weak,UNKNOWN,50.0,,,NEUTRAL,,False
GPN,71.06,69.64,$68.25-$71.03,65.76,97.71,$92.82-$102.59,7.23,5.57,40.3,BUY NOW - At target entry price,True,75.83333333333334,82.2,76.2,100.0,100.0,,50.0,,,,,,,,,35.0,30.3,24.7,15.0,2026-02-19 17:04:04,2026-02-19,CORRECTION,AVOID,False,0,Error: Too Many Requests. Rate limited. Try after a while.,UNKNOWN,50,Error: Too Many Requests. Rate limited. Try after a while.,UNKNOWN,,35.0,70.0,,,,,0.0,,,,,0.0,,,,,,0.0,0.0,0.0,0.0,0/3,⚠️ WEAK,🔴 Weak,UNKNOWN,50.0,,,NEUTRAL,,False
CF,120.18,117.78,$115.42-$120.13,108.35,151.81,$144.22-$159.4,3.61,8.0,28.9,BUY ON PULLBACK - Wait for 2-5% dip,True,90.17647058823528,50.0,,,,"CF Industries Holdings, Inc.",62.3,Basic Materials,Agricultural Inputs,60.0,50.0,66.5,90.0,50.0,15552643072.0,34.8,36.1,15.0,18.7,2026-02-19 17:04:04,2026-02-19,CORRECTION,AVOID,False,0,Error: Too Many Requests. Rate limited. Try after a while.,UNKNOWN,50,Error: Too Many Requests. Rate limited. Try after a while.,UNKNOWN,,35.0,69.8,,,,,0.0,,,,,0.0,,5.0,,Sin datos suficientes,66.5,0.0,0.0,0.0,0.0,0/3,⚠️ WEAK,🔴 Weak,UNKNOWN,50.0,,,NEUTRAL,,False
CIEN,407.9,411.98,$403.74-$420.22,379.02,494.72,$469.98-$519.45,2.51,8.0,20.08,BUY NOW - At target entry price,False,84.4,50.0,,,,Ciena Corporation,68.2,Technology,Communication Equipment,50.0,90.0,85.0,65.0,40.0,44210159616.0,34.2,33.8,15.0,20.5,2026-02-19 17:04:04,2026-02-19,CORRECTION,AVOID,False,0,Error: Too Many Requests. Rate limited. Try after a while.,UNKNOWN,50,Error: Too Many Requests. Rate limited. Try after a while.,UNKNOWN,,35.0,69.2,,,,,0.0,,,,,0.0,,5.0,,Sin datos suficientes,85.0,0.0,0.0,0.0,0.0,0/3,⚠️ WEAK,🔴 Weak,UNKNOWN,50.0,,,NEUTRAL,,False
KO,75.11,75.88,$74.36-$77.4,72.9,92.92,$88.27-$97.56,5.73,3.92,22.46,BUY NOW - At target entry price,True,89.75,50.0,,,,Coca-Cola Company (The),60.6,Consumer Defensive,Beverages - Non-Alcoholic,60.0,50.0,60.5,80.0,60.0,340321796096.0,34.099999999999994,35.9,15.0,18.2,2026-02-19 17:04:04,2026-02-19,CORRECTION,AVOID,False,0,Error: Too Many Requests. Rate limited. Try after a while.,UNKNOWN,50,Error: Too Many Requests. Rate limited. Try after a while.,UNKNOWN,,35.0,69.1,,,,,0.0,,,,,0.0,,5.0,,Sin datos suficientes,60.5,0.0,0.0,0.0,0.0,0/3,⚠️ WEAK,🔴 Weak,UNKNOWN,50.0,,,NEUTRAL,,False
COO,70.24,70.24,$68.84-$71.64,67.94,92.91,$88.26-$97.55,9.87,3.27,32.27,BUY NOW - At target entry price,True,75.65,50.0,,,,"The Cooper Companies, Inc.",59.5,Healthcare,Medical Instruments & Supplies,50.0,60.0,66.5,75.0,50.0,16416646144.0,33.1,30.3,15.0,17.8,2026-02-19 17:04:04,2026-02-19,CORRECTION,AVOID,False,0,Error: Too Many Requests. Rate limited. Try after a while.,UNKNOWN,50,Error: Too Many Requests. Rate limited. Try after a while.,UNKNOWN,,35.0,63.1,,,,,0.0,,,,,0.0,1.0,5.0,100.0,Top 10%,72.2,5.0,0.0,0.0,0.0,0/3,⚠️ WEAK,🔴 Weak,UNKNOWN,50.0,,,NEUTRAL,,False
COST,965.73,979.67,$960.08-$999.26,941.25,1201.52,$1141.44-$1261.6,5.77,3.92,22.65,BUY NOW - At target entry price,True,89.76666666666667,50.0,,,,Costco Wholesale Corporation,57.1,Consumer Defensive,Discount Stores,50.0,50.0,54.5,85.0,60.0,444241969152.0,33.0,35.9,15.0,17.1,2026-02-19 17:04:04,2026-02-19,CORRECTION,AVOID,False,0,Error: Too Many Requests. Rate limited. Try after a while.,UNKNOWN,50,Error: Too Many Requests. Rate limited. Try after a while.,UNKNOWN,,35.0,68.0,,,,,0.0,,,,,0.0,,5.0,,Sin datos suficientes,54.5,0.0,0.0,0.0,0.0,0/3,⚠️ WEAK,🔴 Weak,UNKNOWN,50.0,,,NEUTRAL,,False
CL,85.15,85.75,$84.04-$87.47,82.39,108.42,$103.0-$113.84,6.74,3.92,26.43,BUY NOW - At target entry price,True,90.32352941176472,50.0,,,,Colgate-Palmolive Company,55.8,Consumer Defensive,Household & Personal Products,55.0,50.0,66.5,50.0,60.0,77185089536.0,32.900000000000006,36.1,15.0,16.7,2026-02-19 17:04:04,2026-02-19,CORRECTION,AVOID,False,0,Error: Too Many Requests. Rate limited. Try after a while.,UNKNOWN,50,Error: Too Many Requests. Rate limited. Try after a while.,UNKNOWN,,35.0,67.9,,,,,0.0,,,,,0.0,,5.0,,Sin datos suficientes,66.5,0.0,0.0,0.0,0.0,0/3,⚠️ WEAK,🔴 Weak,UNKNOWN,50.0,,,NEUTRAL,,False
BF-B,22.93,22.93,$22.47-$23.39,22.16,32.83,$31.19-$34.47,12.82,3.37,43.18,BUY NOW - At target entry price,True,83.61538461538461,50.0,,,,Brown Forman Inc,64.2,Consumer Defensive,Beverages - Wineries & Distilleries,60.0,70.0,54.5,85.0,50.0,13479395328.0,32.7,33.4,15.0,19.3,2026-02-19 17:04:04,2026-02-19,CORRECTION,AVOID,False,0,Error: Too Many Requests. Rate limited. Try after a while.,UNKNOWN,50,Error: Too Many Requests. Rate limited. Try after a while.,UNKNOWN,,35.0,67.7,,,,,0.0,,,,,0.0,,5.0,,Sin datos suficientes,54.5,0.0,0.0,0.0,0.0,0/3,⚠️ WEAK,🔴 Weak,BUY,85.0,Good pullback (-25.1% from high) - valid VCP setup,-25.1,NEUTRAL,HOLD,False
ANET,135.88,133.16,$130.5-$135.83,122.51,175.84,$167.05-$184.63,4.01,8.0,32.05,BUY ON PULLBACK - Wait for 2-5% dip,True,81.9,50.0,,,,"Arista Networks, Inc.",64.7,Technology,Computer Hardware,60.0,60.0,54.5,95.0,65.0,176621043712.0,32.2,32.8,15.0,19.4,2026-02-19 17:04:04,2026-02-19,CORRECTION,AVOID,False,0,Error: Too Many Requests. Rate limited. Try after a while.,UNKNOWN,50,Error: Too Many Requests. Rate limited. Try after a while.,UNKNOWN,,35.0,67.2,,,,,0.0,,,,,0.0,,5.0,,Sin datos suficientes,54.5,0.0,0.0,0.0,0.0,0/3,⚠️ WEAK,🔴 Weak,BUY,90.0,Good pullback (-17.8% from high) - valid VCP setup | Elevated P/E (49.3) - watch valuation | Strong upside (+31.3%) - analyst support,-17.8,NEUTRAL,STRONG_BUY,True
XOM,161.13,162.74,$159.49-$166.0,149.72,193.93,$184.24-$203.63,2.4,8.0,19.17,BUY NOW - At target entry price,False,91.09375,50.0,,,,,50.0,,,,,,,,,31.40000000000001,36.4,15.0,15.0,2026-02-19 17:04:04,2026-02-19,CORRECTION,AVOID,False,0,Error: Too Many Requests. Rate limited. Try after a while.,UNKNOWN,50,Error: Too Many Requests. Rate limited. Try after a while.,UNKNOWN,,35.0,66.4,,,,,0.0,,,,,0.0,,,,,,0.0,0.0,0.0,0.0,0/3,⚠️ WEAK,🔴 Weak,AVOID,35.0,Near ATH (-3.2% from high) - poor entry point,-3.2,NEUTRAL,BUY,False
HOLX,75.64,76.4,$74.87-$77.92,73.5,90.82,$86.28-$95.36,4.98,3.79,18.88,BUY NOW - At target entry price,True,90.22727272727272,50.0,,,,,50.0,,,,,,,,,31.099999999999994,36.1,15.0,15.0,2026-02-19 17:04:04,2026-02-19,CORRECTION,AVOID,False,0,Error: Too Many Requests. Rate limited. Try after a while.,UNKNOWN,50,Error: Too Many Requests. Rate limited. Try after a while.,UNKNOWN,,35.0,66.1,,,,,0.0,,,,,0.0,,,,,,0.0,0.0,0.0,0.0,0/3,⚠️ WEAK,🔴 Weak,AVOID,30.0,Near ATH (-0.2% from high) - poor entry point,-0.2,NEUTRAL,HOLD,False
EIX,70.67,70.15,$68.74-$71.55,67.39,86.93,$82.58-$91.28,6.1,3.92,23.93,BUY NOW - At target entry price,True,89.90625,50.0,,,,,50.0,,,,,,,,,31.0,36.0,15.0,15.0,2026-02-19 17:04:04,2026-02-19,CORRECTION,AVOID,False,0,Error: Too Many Requests. Rate limited. Try after a while.,UNKNOWN,50,Error: Too Many Requests. Rate limited. Try after a while.,UNKNOWN,,35.0,66.0,,,,,0.0,,,,,0.0,,,,,,0.0,0.0,0.0,0.0,0/3,⚠️ WEAK,🔴 Weak,AVOID,35.0,Near ATH (-0.5% from high) - poor entry point,-0.5,NEUTRAL,BUY,False
LII,476.96,473.94,$464.46-$483.42,455.36,664.29,$631.07-$697.5,10.24,3.92,40.16,BUY NOW - At target entry price,True,89.96666666666667,50.0,,,,,50.0,,,,,,,,,31.0,36.0,15.0,15.0,2026-02-19 17:04:04,2026-02-19,CORRECTION,AVOID,False,0,Error: Too Many Requests. Rate limited. Try after a while.,UNKNOWN,50,Error: Too Many Requests. Rate limited. Try after a while.,UNKNOWN,,35.0,66.0,,,,,0.0,,,,,0.0,,,,,,0.0,0.0,0.0,0.0,0/3,⚠️ WEAK,🔴 Weak,BUY,85.0,Good pullback (-19.1% from high) - valid VCP setup,-19.1,NEUTRAL,HOLD,False
IBKR,67.84,66.48,$65.15-$67.81,62.22,86.36,$82.04-$90.68,4.66,6.41,29.9,BUY ON PULLBACK - Wait for 2-5% dip,True,89.8125,50.0,,,,,50.0,,,,,,,,,30.90000000000001,35.9,15.0,15.0,2026-02-19 17:04:04,2026-02-19,CORRECTION,AVOID,False,0,Error: Too Many Requests. Rate limited. Try after a while.,UNKNOWN,50,Error: Too Many Requests. Rate limited. Try after a while.,UNKNOWN,,35.0,65.9,,,,,0.0,,,,,0.0,,,,,,0.0,0.0,0.0,0.0,0/3,⚠️ WEAK,🔴 Weak,HOLD,55.0,Close to ATH (-7.4% from high) - wait for pullback,-7.4,NEUTRAL,BUY,False
DOV,212.29,208.04,$203.88-$212.21,197.75,265.62,$252.34-$278.9,5.6,4.95,27.67,BUY ON PULLBACK - Wait for 2-5% dip,True,89.76315789473685,50.0,,,,,50.0,,,,,,,,,30.90000000000001,35.9,15.0,15.0,2026-02-19 17:04:04,2026-02-19,CORRECTION,AVOID,False,0,Error: Too Many Requests. Rate limited. Try after a while.,UNKNOWN,50,Error: Too Many Requests. Rate limited. Try after a while.,UNKNOWN,,35.0,65.9,,,,,0.0,,,,,0.0,,,,,,0.0,0.0,0.0,0.0,0/3,⚠️ WEAK,🔴 Weak,AVOID,35.0,Near ATH (-2.5% from high) - poor entry point,-2.5,NEUTRAL,BUY,False
FANG,191.78,193.7,$189.82-$197.57,178.2,231.41,$219.84-$242.98,2.43,8.0,19.47,BUY NOW - At target entry price,False,89.53703703703704,50.0,,,,,50.0,,,,,,,,,30.8,35.8,15.0,15.0,2026-02-19 17:04:04,2026-02-19,CORRECTION,AVOID,False,0,Error: Too Many Requests. Rate limited. Try after a while.,UNKNOWN,50,Error: Too Many Requests. Rate limited. Try after a while.,UNKNOWN,,35.0,65.8,,,,,0.0,,,,,0.0,,,,,,0.0,0.0,0.0,0.0,0/3,⚠️ WEAK,🔴 Weak,,,,,,,
LH,264.42,266.42,$261.1-$271.75,255.98,329.53,$313.05-$346.0,6.04,3.92,23.69,BUY NOW - At target entry price,True,89.5,50.0,,,,,50.0,,,,,,,,,30.8,35.8,15.0,15.0,2026-02-19 17:04:04,2026-02-19,CORRECTION,AVOID,False,0,Error: Too Many Requests. Rate limited. Try after a while.,UNKNOWN,50,Error: Too Many Requests. Rate limited. Try after a while.,UNKNOWN,,35.0,65.8,,,,,0.0,,,,,0.0,,,,,,0.0,0.0,0.0,0.0,0/3,⚠️ WEAK,🔴 Weak,,,,,,,
EXR,131.83,132.06,$129.42-$134.7,126.88,167.69,$159.31-$176.08,6.88,3.92,26.98,BUY NOW - At target entry price,True,88.9,50.0,,,,,50.0,,,,,,,,,30.599999999999994,35.6,15.0,15.0,2026-02-19 17:04:04,2026-02-19,CORRECTION,AVOID,False,0,Error: Too Many Requests. Rate limited. Try after a while.,UNKNOWN,50,Error: Too Many Requests. Rate limited. Try after a while.,UNKNOWN,,35.0,65.6,,,,,0.0,,,,,0.0,,,,,,0.0,0.0,0.0,0.0,0/3,⚠️ WEAK,🔴 Weak,,,,,,,
IEX,188.61,186.79,$183.06-$190.53,179.47,238.89,$226.95-$250.84,7.11,3.92,27.89,BUY NOW - At target entry price,True,88.83181818181818,50.0,,,,,50.0,,,,,,,,,30.5,35.5,15.0,15.0,2026-02-19 17:04:04,2026-02-19,CORRECTION,AVOID,False,0,Error: Too Many Requests. Rate limited. Try after a while.,UNKNOWN,50,Error: Too Many Requests. Rate limited. Try after a while.,UNKNOWN,,35.0,65.5,,,,,0.0,,,,,0.0,,,,,,0.0,0.0,0.0,0.0,0/3,⚠️ WEAK,🔴 Weak,,,,,,,
EQR,58.41,58.41,$57.24-$59.58,56.42,75.25,$71.49-$79.01,8.46,3.41,28.83,BUY NOW - At target entry price,True,88.73529411764706,50.0,,,,,50.0,,,,,,,,,30.5,35.5,15.0,15.0,2026-02-19 17:04:04,2026-02-19,CORRECTION,AVOID,False,0,Error: Too Many Requests. Rate limited. Try after a while.,UNKNOWN,50,Error: Too Many Requests. Rate limited. Try after a while.,UNKNOWN,,35.0,65.5,,,,,0.0,,,,,0.0,,,,,,0.0,0.0,0.0,0.0,0/3,⚠️ WEAK,🔴 Weak,,,,,,,
GILD,137.34,139.17,$136.39-$141.95,133.71,173.2,$164.54-$181.85,6.23,3.92,24.45,BUY NOW - At target entry price,True,88.75,50.0,,,,,50.0,,,,,,,,,30.5,35.5,15.0,15.0,2026-02-19 17:04:04,2026-02-19,CORRECTION,AVOID,False,0,Error: Too Many Requests. Rate limited. Try after a while.,UNKNOWN,50,Error: Too Many Requests. Rate limited. Try after a while.,UNKNOWN,,35.0,65.5,,,,,0.0,,,,,0.0,,,,,,0.0,0.0,0.0,0.0,0/3,⚠️ WEAK,🔴 Weak,,,,,,,
EQIX,966.96,976.63,$957.1-$996.16,899.91,1170.92,$1112.37-$1229.47,2.53,7.86,19.89,BUY NOW - At target entry price,False,86.84210526315789,50.0,,,,,50.0,,,,,,,,,29.700000000000003,34.7,15.0,15.0,2026-02-19 17:04:04,2026-02-19,CORRECTION,AVOID,False,0,Error: Too Many Requests. Rate limited. Try after a while.,UNKNOWN,50,Error: Too Many Requests. Rate limited. Try after a while.,UNKNOWN,,35.0,64.7,,,,,0.0,,,,,0.0,,,,,,0.0,0.0,0.0,0.0,0/3,⚠️ WEAK,🔴 Weak,,,,,,,
CHTR,216.61,212.5,$208.25-$216.75,204.16,356.93,$339.08-$374.78,17.33,3.92,67.97,BUY NOW - At target entry price,True,88.64999999999999,50.0,,,,"Charter Communications, Inc.",47.6,Communication Services,Telecom Services,50.0,30.0,60.5,50.0,55.0,31060836352.0,29.700000000000003,35.5,15.0,14.3,2026-02-19 17:04:04,2026-02-19,CORRECTION,AVOID,False,0,Error: Too Many Requests. Rate limited. Try after a while.,UNKNOWN,50,Error: Too Many Requests. Rate limited. Try after a while.,UNKNOWN,,35.0,64.7,,,,,0.0,,,,,0.0,,5.0,,Sin datos suficientes,60.5,0.0,0.0,0.0,0.0,0/3,⚠️ WEAK,🔴 Weak,,,,,,,
DLR,176.47,178.23,$174.67-$181.8,168.31,214.87,$204.13-$225.62,3.69,5.57,20.56,BUY NOW - At target entry price,True,86.30555555555556,50.0,,,,,50.0,,,,,,,,,29.5,34.5,15.0,15.0,2026-02-19 17:04:04,2026-02-19,CORRECTION,AVOID,False,0,Error: Too Many Requests. Rate limited. Try after a while.,UNKNOWN,50,Error: Too Many Requests. Rate limited. Try after a while.,UNKNOWN,,35.0,64.5,,,,,0.0,,,,,0.0,,,,,,0.0,0.0,0.0,0.0,0/3,⚠️ WEAK,🔴 Weak,,,,,,,
FFIV,289.75,283.95,$278.28-$289.63,261.24,372.45,$353.83-$391.07,3.9,8.0,31.17,BUY ON PULLBACK - Wait for 2-5% dip,True,86.14583333333334,50.0,,,,,50.0,,,,,,,,,29.5,34.5,15.0,15.0,2026-02-19 17:04:04,2026-02-19,CORRECTION,AVOID,False,0,Error: Too Many Requests. Rate limited. Try after a while.,UNKNOWN,50,Error: Too Many Requests. Rate limited. Try after a while.,UNKNOWN,,35.0,64.5,,,,,0.0,,,,,0.0,,,,,,0.0,0.0,0.0,0.0,0/3,⚠️ WEAK,🔴 Weak,,,,,,,
FTV,55.39,54.64,$53.55-$55.73,52.5,69.53,$66.05-$73.01,6.95,3.92,27.25,BUY NOW - At target entry price,True,85.31666666666666,50.0,,,,,50.0,,,,,,,,,29.099999999999994,34.1,15.0,15.0,2026-02-19 17:04:04,2026-02-19,CORRECTION,AVOID,False,0,Error: Too Many Requests. Rate limited. Try after a while.,UNKNOWN,50,Error: Too Many Requests. Rate limited. Try after a while.,UNKNOWN,,35.0,64.1,,,,,0.0,,,,,0.0,,,,,,0.0,0.0,0.0,0.0,0/3,⚠️ WEAK,🔴 Weak,,,,,,,
HSIC,74.46,72.97,$71.51-$74.43,69.82,95.88,$91.08-$100.67,7.26,4.32,31.39,BUY NOW - At target entry price,True,84.8409090909091,50.0,,,,,50.0,,,,,,,,,28.9,33.9,15.0,15.0,2026-02-19 17:04:04,2026-02-19,CORRECTION,AVOID,False,0,Error: Too Many Requests. Rate limited. Try after a while.,UNKNOWN,50,Error: Too Many Requests. Rate limited. Try after a while.,UNKNOWN,,35.0,63.9,,,,,0.0,,,,,0.0,,,,,,0.0,0.0,0.0,0.0,0/3,⚠️ WEAK,🔴 Weak,,,,,,,
LEN,93.46,91.59,$89.76-$93.42,87.84,133.95,$127.25-$140.64,11.28,4.1,46.24,BUY NOW - At target entry price,True,84.75833333333334,50.0,,,,,50.0,,,,,,,,,28.9,33.9,15.0,15.0,2026-02-19 17:04:04,2026-02-19,CORRECTION,AVOID,False,0,Error: Too Many Requests. Rate limited. Try after a while.,UNKNOWN,50,Error: Too Many Requests. Rate limited. Try after a while.,UNKNOWN,,35.0,63.9,,,,,0.0,,,,,0.0,,,,,,0.0,0.0,0.0,0.0,0/3,⚠️ WEAK,🔴 Weak,,,,,,,
EMR,129.83,128.47,$125.9-$131.04,123.43,171.06,$162.51-$179.61,8.45,3.92,33.15,BUY NOW - At target entry price,True,83.68571428571428,50.0,,,,,50.0,,,,,,,,,28.5,33.5,15.0,15.0,2026-02-19 17:04:04,2026-02-19,CORRECTION,AVOID,False,0,Error: Too Many Requests. Rate limited. Try after a while.,UNKNOWN,50,Error: Too Many Requests. Rate limited. Try after a while.,UNKNOWN,,35.0,63.5,,,,,0.0,,,,,0.0,,,,,,0.0,0.0,0.0,0.0,0/3,⚠️ WEAK,🔴 Weak,,,,,,,
HSY,215.17,213.16,$208.9-$217.42,204.8,268.9,$255.46-$282.35,6.67,3.92,26.15,BUY NOW - At target entry price,True,82.4,50.0,,,,,50.0,,,,,,,,,28.0,33.0,15.0,15.0,2026-02-19 17:04:04,2026-02-19,CORRECTION,AVOID,False,0,Error: Too Many Requests. Rate limited. Try after a while.,UNKNOWN,50,Error: Too Many Requests. Rate limited. Try after a while.,UNKNOWN,,35.0,63.0,,,,,0.0,,,,,0.0,,,,,,0.0,0.0,0.0,0.0,0/3,⚠️ WEAK,🔴 Weak,,,,,,,
GRMN,238.71,233.94,$229.26-$238.61,224.52,295.63,$280.85-$310.42,6.55,4.03,26.37,BUY ON PULLBACK - Wait for 2-5% dip,True,81.28571428571429,50.0,,,,,50.0,,,,,,,,,27.5,32.5,15.0,15.0,2026-02-19 17:04:04,2026-02-19,CORRECTION,AVOID,False,0,Error: Too Many Requests. Rate limited. Try after a while.,UNKNOWN,50,Error: Too Many Requests. Rate limited. Try after a while.,UNKNOWN,,35.0,62.5,,,,,0.0,,,,,0.0,,,,,,0.0,0.0,0.0,0.0,0/3,⚠️ WEAK,🔴 Weak,,,,,,,
CAG,15.46,15.37,$15.06-$15.68,14.77,23.08,$21.92-$24.23,12.78,3.92,50.13,BUY NOW - At target entry price,True,70.22916666666666,50.0,,,,"ConAgra Brands, Inc.",54.4,Consumer Defensive,Packaged Foods,50.0,70.0,54.5,40.0,50.0,8914415616.0,27.4,28.1,15.0,16.3,2026-02-19 17:04:04,2026-02-19,CORRECTION,AVOID,False,0,Error: Too Many Requests. Rate limited. Try after a while.,UNKNOWN,50,Error: Too Many Requests. Rate limited. Try after a while.,UNKNOWN,,35.0,59.4,,,,,0.0,,,,,0.0,2.0,5.0,80.0,Top 25%,42.2,3.0,0.0,0.0,0.0,0/3,⚠️ WEAK,🔴 Weak,,,,,,,
DXCM,65.94,65.1,$63.79-$66.4,62.54,89.71,$85.22-$94.19,9.64,3.92,37.8,BUY NOW - At target entry price,True,79.54545454545455,50.0,,,,,50.0,,,,,,,,,26.8,31.8,15.0,15.0,2026-02-19 17:04:04,2026-02-19,CORRECTION,AVOID,False,0,Error: Too Many Requests. Rate limited. Try after a while.,UNKNOWN,50,Error: Too Many Requests. Rate limited. Try after a while.,UNKNOWN,,35.0,61.8,,,,,0.0,,,,,0.0,,,,,,0.0,0.0,0.0,0.0,0/3,⚠️ WEAK,🔴 Weak,,,,,,,
AVGO,322.51,316.06,$309.74-$322.38,301.06,427.19,$405.83-$448.55,7.41,4.75,35.16,BUY ON PULLBACK - Wait for 2-5% dip,True,63.27777777777778,50.0,,,,Broadcom Inc.,71.5,Technology,Semiconductors,60.0,90.0,56.0,85.0,70.0,1587994689536.0,26.8,25.3,15.0,21.4,2026-02-19 17:04:04,2026-02-19,CORRECTION,AVOID,False,0,Error: Too Many Requests. Rate limited. Try after a while.,UNKNOWN,50,Error: Too Many Requests. Rate limited. Try after a while.,UNKNOWN,,35.0,61.8,,,,,0.0,,,,,0.0,,5.0,,Sin datos suficientes,56.0,0.0,0.0,0.0,0.0,0/3,⚠️ WEAK,🔴 Weak,,,,,,,
DLTR,108.27,106.29,$104.17-$108.42,102.13,144.94,$137.69-$152.19,9.27,3.92,36.36,BUY NOW - At target entry price,True,78.5,50.0,,,,,50.0,,,,,,,,,26.4,31.4,15.0,15.0,2026-02-19 17:04:04,2026-02-19,CORRECTION,AVOID,False,0,Error: Too Many Requests. Rate limited. Try after a while.,UNKNOWN,50,Error: Too Many Requests. Rate limited. Try after a while.,UNKNOWN,,35.0,61.4,,,,,0.0,,,,,0.0,,,,,,0.0,0.0,0.0,0.0,0/3,⚠️ WEAK,🔴 Weak,,,,,,,
AMP,442.91,438.6,$429.83-$447.37,421.4,577.98,$549.08-$606.88,8.1,3.92,31.78,BUY NOW - At target entry price,True,65.75,50.0,,,,"Ameriprise Financial, Inc.",64.9,Financial Services,Asset Management,55.0,70.0,54.5,90.0,65.0,44435873792.0,25.8,26.3,15.0,19.5,2026-02-19 17:04:04,2026-02-19,CORRECTION,AVOID,False,0,Error: Too Many Requests. Rate limited. Try after a while.,UNKNOWN,50,Error: Too Many Requests. Rate limited. Try after a while.,UNKNOWN,,35.0,60.8,,,,,0.0,,,,,0.0,3.0,5.0,60.0,Medio,41.1,0.0,0.0,0.0,0.0,0/3,⚠️ WEAK,🔴 Weak,,,,,,,
AXP,301.91,296.79,$290.85-$302.73,285.15,399.57,$379.59-$419.55,8.83,3.92,34.63,BUY NOW - At target entry price,True,70.25,50.0,,,,American Express Company,59.0,Financial Services,Credit Services,55.0,60.0,56.0,75.0,50.0,238793867264.0,25.8,28.1,15.0,17.7,2026-02-19 17:04:04,2026-02-19,CORRECTION,AVOID,False,0,Error: Too Many Requests. Rate limited. Try after a while.,UNKNOWN,50,Error: Too Many Requests. Rate limited. Try after a while.,UNKNOWN,,35.0,60.8,,,,,0.0,,,,,0.0,,5.0,,Sin datos suficientes,56.0,0.0,0.0,0.0,0.0,0/3,⚠️ WEAK,🔴 Weak,,,,,,,
HD,330.9,326.67,$320.13-$333.2,313.85,436.81,$414.97-$458.65,8.6,3.92,33.72,BUY NOW - At target entry price,True,75.76315789473685,50.0,,,,,50.0,,,,,,,,,25.3,30.3,15.0,15.0,2026-02-19 17:04:04,2026-02-19,CORRECTION,AVOID,False,0,Error: Too Many Requests. Rate limited. Try after a while.,UNKNOWN,50,Error: Too Many Requests. Rate limited. Try after a while.,UNKNOWN,,35.0,60.3,,,,,0.0,,,,,0.0,,,,,,0.0,0.0,0.0,0.0,0/3,⚠️ WEAK,🔴 Weak,,,,,,,
GEHC,71.65,70.38,$68.97-$71.79,67.62,93.94,$89.24-$98.63,8.54,3.92,33.47,BUY NOW - At target entry price,True,75.77083333333334,50.0,,,,,50.0,,,,,,,,,25.3,30.3,15.0,15.0,2026-02-19 17:04:04,2026-02-19,CORRECTION,AVOID,False,0,Error: Too Many Requests. Rate limited. Try after a while.,UNKNOWN,50,Error: Too Many Requests. Rate limited. Try after a while.,UNKNOWN,,35.0,60.3,,,,,0.0,,,,,0.0,,,,,,0.0,0.0,0.0,0.0,0/3,⚠️ WEAK,🔴 Weak,,,,,,,
AVB,163.27,163.27,$160.0-$166.54,157.51,216.78,$205.94-$227.62,9.28,3.53,32.77,BUY NOW - At target entry price,True,72.0,50.0,,,,"AvalonBay Communities, Inc.",54.8,Real Estate,REIT - Residential,60.0,50.0,50.0,55.0,60.0,25135935488.0,25.200000000000003,28.8,15.0,16.4,2026-02-19 17:04:04,2026-02-19,CORRECTION,AVOID,False,0,Error: Too Many Requests. Rate limited. Try after a while.,UNKNOWN,50,Error: Too Many Requests. Rate limited. Try after a while.,UNKNOWN,,35.0,60.2,,,,,0.0,,,,,0.0,,5.0,,Sin datos suficientes,50.0,0.0,0.0,0.0,0.0,0/3,⚠️ WEAK,🔴 Weak,,,,,,,
APO,110.45,108.24,$106.08-$110.41,99.58,152.34,$144.73-$159.96,5.09,8.0,40.74,BUY ON PULLBACK - Wait for 2-5% dip,True,59.268181818181816,50.0,,,,"Apollo Global Management, Inc. ",69.2,Financial Services,Asset Management,55.0,100.0,50.0,75.0,65.0,72631181312.0,24.5,23.7,15.0,20.8,2026-02-19 17:04:04,2026-02-19,CORRECTION,AVOID,False,0,Error: Too Many Requests. Rate limited. Try after a while.,UNKNOWN,50,Error: Too Many Requests. Rate limited. Try after a while.,UNKNOWN,,35.0,59.5,,,,,0.0,,,,,0.0,3.0,5.0,60.0,Medio,41.1,0.0,0.0,0.0,0.0,0/3,⚠️ WEAK,🔴 Weak,,,,,,,
ALB,167.56,164.21,$160.92-$167.49,151.6,217.76,$206.87-$228.65,4.25,7.68,32.61,BUY ON PULLBACK - Wait for 2-5% dip,True,56.85,50.0,,,,Albemarle Corporation,72.0,Basic Materials,Specialty Chemicals,50.0,100.0,85.0,60.0,60.0,20507772928.0,24.3,22.7,15.0,21.6,2026-02-19 17:04:04,2026-02-19,CORRECTION,AVOID,False,0,Error: Too Many Requests. Rate limited. Try after a while.,UNKNOWN,50,Error: Too Many Requests. Rate limited. Try after a while.,UNKNOWN,,35.0,59.3,,,,,0.0,,,,,0.0,,5.0,,Sin datos suficientes,85.0,0.0,0.0,0.0,0.0,0/3,⚠️ WEAK,🔴 Weak,,,,,,,
CMG,33.36,32.87,$32.22-$33.53,31.59,51.06,$48.51-$53.61,14.1,3.92,55.31,BUY NOW - At target entry price,True,65.20454545454545,50.0,,,,"Chipotle Mexican Grill, Inc.",59.2,Consumer Cyclical,Restaurants,55.0,50.0,65.0,75.0,60.0,51132489728.0,23.8,26.1,15.0,17.8,2026-02-19 17:04:04,2026-02-19,CORRECTION,AVOID,False,0,Error: Too Many Requests. Rate limited. Try after a while.,UNKNOWN,50,Error: Too Many Requests. Rate limited. Try after a while.,UNKNOWN,,35.0,58.8,,,,,0.0,,,,,0.0,,5.0,,Sin datos suficientes,65.0,0.0,0.0,0.0,0.0,0/3,⚠️ WEAK,🔴 Weak,,,,,,,
CPB,21.0,21.0,$20.58-$21.42,20.38,33.06,$31.41-$34.72,19.58,2.93,57.45,BUY NOW - At target entry price,True,67.08,50.0,,,,The Campbell's Company,46.0,Consumer Defensive,Packaged Foods,50.0,50.0,30.0,50.0,50.0,8310014976.0,23.6,26.8,15.0,13.8,2026-02-19 17:04:04,2026-02-19,CORRECTION,AVOID,False,0,Error: Too Many Requests. Rate limited. Try after a while.,UNKNOWN,50,Error: Too Many Requests. Rate limited. Try after a while.,UNKNOWN,,35.0,55.6,,,,,0.0,,,,,0.0,2.0,5.0,80.0,Top 25%,42.2,3.0,0.0,0.0,0.0,0/3,⚠️ WEAK,🔴 Weak,,,,,,,
CPRT,33.39,32.84,$32.19-$33.5,31.56,53.47,$50.8-$56.14,16.01,3.92,62.8,BUY NOW - At target entry price,True,65.5625,50.0,,,,"Copart, Inc.",57.0,Industrials,Specialty Business Services,60.0,50.0,30.0,90.0,70.0,36213538816.0,23.3,26.2,15.0,17.1,2026-02-19 17:04:04,2026-02-19,CORRECTION,AVOID,False,0,Error: Too Many Requests. Rate limited. Try after a while.,UNKNOWN,50,Error: Too Many Requests. Rate limited. Try after a while.,UNKNOWN,,35.0,58.3,,,,,0.0,,,,,0.0,,5.0,,Sin datos suficientes,30.0,0.0,0.0,0.0,0.0,0/3,⚠️ WEAK,🔴 Weak,,,,,,,
